,wavenumber,absorbance
0,7496.97825,0.00751
1,7495.04952,0.00828
2,7493.12079,0.0083
3,7491.19206,0.00709
4,7489.26333,0.00456
5,7487.33459,0.00264
6,7485.40586,0.00282
7,7483.47713,0.00362
8,7481.5484,0.00459
9,7479.61967,0.00684
10,7477.69094,0.00792
11,7475.76221,0.00571
12,7473.83348,0.00317
13,7471.90474,0.00248
14,7469.97601,0.00192
15,7468.04728,0.0001
16,7466.11855,-0.00153
17,7464.18982,-0.00132
18,7462.26109,-0.00011
19,7460.33236,0.00046
20,7458.40363,0.00043
21,7456.47489,0.00058
22,7454.54616,0.0014
23,7452.61743,0.0032
24,7450.6887,0.0047
25,7448.75997,0.00415
26,7446.83124,0.00321
27,7444.90251,0.00364
28,7442.97378,0.00363
29,7441.04504,0.00212
30,7439.11631,0.00065
31,7437.18758,0.00039
32,7435.25885,0.00153
33,7433.33012,0.00358
34,7431.40139,0.00521
35,7429.47266,0.00496
36,7427.54393,0.00355
37,7425.6152,0.00312
38,7423.68646,0.00375
39,7421.75773,0.00483
40,7419.829,0.00616
41,7417.90027,0.00635
42,7415.97154,0.00518
43,7414.04281,0.00404
44,7412.11408,0.00249
45,7410.18535,-9e-05
46,7408.25661,-0.00074
47,7406.32788,0.00229
48,7404.39915,0.00519
49,7402.47042,0.00471
50,7400.54169,0.00221
51,7398.61296,-8e-05
52,7396.68423,-0.00153
53,7394.7555,-0.00231
54,7392.82676,-0.00207
55,7390.89803,-0.00036
56,7388.9693,0.00193
57,7387.04057,0.00263
58,7385.11184,0.00106
59,7383.18311,-0.00132
60,7381.25438,-0.00219
61,7379.32565,-0.00042
62,7377.39691,0.00185
63,7375.46818,0.00202
64,7373.53945,-9e-05
65,7371.61072,-0.00275
66,7369.68199,-0.00419
67,7367.75326,-0.0042
68,7365.82453,-0.00261
69,7363.8958,-0.00015
70,7361.96706,0.00061
71,7360.03833,-0.00018
72,7358.1096,0.00016
73,7356.18087,0.00195
74,7354.25214,0.00417
75,7352.32341,0.00569
76,7350.39468,0.00439
77,7348.46595,-0.00034
78,7346.53722,-0.00527
79,7344.60848,-0.00661
80,7342.67975,-0.00407
81,7340.75102,-0.00013
82,7338.82229,0.00269
83,7336.89356,0.00224
84,7334.96483,-0.00138
85,7333.0361,-0.00464
86,7331.10737,-0.00509
87,7329.17863,-0.00421
88,7327.2499,-0.00424
89,7325.32117,-0.00436
90,7323.39244,-0.0032
91,7321.46371,-0.00186
92,7319.53498,-0.00124
93,7317.60625,-0.00075
94,7315.67752,-0.00032
95,7313.74878,-0.00063
96,7311.82005,-0.00244
97,7309.89132,-0.00487
98,7307.96259,-0.00553
99,7306.03386,-0.00372
100,7304.10513,-0.00163
101,7302.1764,-0.00095
102,7300.24767,-0.00046
103,7298.31893,0.00107
104,7296.3902,0.00278
105,7294.46147,0.00331
106,7292.53274,0.00197
107,7290.60401,-0.0002
108,7288.67528,-0.00102
109,7286.74655,-0.00094
110,7284.81782,-0.00169
111,7282.88908,-0.00209
112,7280.96035,-0.0007
113,7279.03162,0.00078
114,7277.10289,0.00046
115,7275.17416,-0.00014
116,7273.24543,0.00066
117,7271.3167,0.00168
118,7269.38797,0.00202
119,7267.45924,0.00231
120,7265.5305,0.00229
121,7263.60177,0.00074
122,7261.67304,-0.00149
123,7259.74431,-0.00102
124,7257.81558,0.00257
125,7255.88685,0.00487
126,7253.95812,0.00281
127,7252.02939,-0.00149
128,7250.10065,-0.00435
129,7248.17192,-0.00429
130,7246.24319,-0.00214
131,7244.31446,-0.00033
132,7242.38573,-0.00057
133,7240.457,-0.00119
134,7238.52827,0.00049
135,7236.59954,0.003
136,7234.6708,0.00214
137,7232.74207,-0.00127
138,7230.81334,-0.00226
139,7228.88461,-4e-05
140,7226.95588,0.00251
141,7225.02715,0.00309
142,7223.09842,0.00119
143,7221.16969,-0.00116
144,7219.24095,-0.00158
145,7217.31222,0.00036
146,7215.38349,0.00319
147,7213.45476,0.00495
148,7211.52603,0.00506
149,7209.5973,0.00417
150,7207.66857,0.00255
151,7205.73984,0.00079
152,7203.8111,5e-05
153,7201.88237,0.00019
154,7199.95364,0.00081
155,7198.02491,0.00135
156,7196.09618,0.00074
157,7194.16745,0.00018
158,7192.23872,0.00106
159,7190.30999,0.00211
160,7188.38126,0.00284
161,7186.45252,0.00306
162,7184.52379,0.00182
163,7182.59506,-0.00062
164,7180.66633,-0.00307
165,7178.7376,-0.00367
166,7176.80887,-0.00177
167,7174.88014,0.00012
168,7172.95141,0.0001
169,7171.02267,-0.00057
170,7169.09394,-0.00011
171,7167.16521,0.00069
172,7165.23648,-0.0006
173,7163.30775,-0.00366
174,7161.37902,-0.0051
175,7159.45029,-0.00368
176,7157.52156,-0.00234
177,7155.59282,-0.0025
178,7153.66409,-0.00181
179,7151.73536,0.00041
180,7149.80663,0.00189
181,7147.8779,0.00174
182,7145.94917,0.00033
183,7144.02044,-0.00215
184,7142.09171,-0.00415
185,7140.16297,-0.00353
186,7138.23424,-0.0014
187,7136.30551,-0.00045
188,7134.37678,0.00037
189,7132.44805,0.00213
190,7130.51932,0.0029
191,7128.59059,0.00236
192,7126.66186,0.00138
193,7124.73312,0.00071
194,7122.80439,0.00135
195,7120.87566,0.00193
196,7118.94693,0.00082
197,7117.0182,-0.00027
198,7115.08947,0.00027
199,7113.16074,0.00164
200,7111.23201,0.00245
201,7109.30328,0.00194
202,7107.37454,0.00068
203,7105.44581,3e-05
204,7103.51708,0.00096
205,7101.58835,0.00223
206,7099.65962,0.00149
207,7097.73089,-0.00092
208,7095.80216,-0.00225
209,7093.87343,-0.00111
210,7091.94469,0.00112
211,7090.01596,0.0025
212,7088.08723,0.0029
213,7086.1585,0.00295
214,7084.22977,0.00253
215,7082.30104,0.00183
216,7080.37231,0.00134
217,7078.44358,0.00015
218,7076.51484,-0.00166
219,7074.58611,-0.00194
220,7072.65738,-0.00055
221,7070.72865,0.00077
222,7068.79992,0.00213
223,7066.87119,0.00419
224,7064.94246,0.00554
225,7063.01373,0.00506
226,7061.08499,0.00349
227,7059.15626,0.00229
228,7057.22753,0.00262
229,7055.2988,0.00344
230,7053.37007,0.00307
231,7051.44134,0.0022
232,7049.51261,0.00188
233,7047.58388,0.00129
234,7045.65514,-0.00027
235,7043.72641,-0.0018
236,7041.79768,-0.0029
237,7039.86895,-0.00421
238,7037.94022,-0.00471
239,7036.01149,-0.00331
240,7034.08276,-0.00128
241,7032.15403,0.0002
242,7030.2253,0.00114
243,7028.29656,0.00078
244,7026.36783,-0.00069
245,7024.4391,-0.00087
246,7022.51037,0.00132
247,7020.58164,0.00418
248,7018.65291,0.00562
249,7016.72418,0.00461
250,7014.79545,0.00231
251,7012.86671,0.00152
252,7010.93798,0.00251
253,7009.00925,0.00278
254,7007.08052,0.00141
255,7005.15179,0.0001
256,7003.22306,0.00041
257,7001.29433,0.00066
258,6999.3656,-0.00107
259,6997.43686,-0.0027
260,6995.50813,-0.00199
261,6993.5794,-8e-05
262,6991.65067,0.00137
263,6989.72194,0.00265
264,6987.79321,0.00359
265,6985.86448,0.00279
266,6983.93575,0.00095
267,6982.00701,0.00023
268,6980.07828,0.0009
269,6978.14955,0.00206
270,6976.22082,0.00291
271,6974.29209,0.00317
272,6972.36336,0.0033
273,6970.43463,0.00327
274,6968.5059,0.00228
275,6966.57716,0.00063
276,6964.64843,-0.00032
277,6962.7197,-0.00038
278,6960.79097,-0.00035
279,6958.86224,-0.00023
280,6956.93351,0.00047
281,6955.00478,0.00115
282,6953.07605,0.00082
283,6951.14732,0.00012
284,6949.21858,0.00067
285,6947.28985,0.00235
286,6945.36112,0.00308
287,6943.43239,0.00236
288,6941.50366,0.00191
289,6939.57493,0.00231
290,6937.6462,0.00229
291,6935.71747,0.00143
292,6933.78873,0.00111
293,6931.86,0.00181
294,6929.93127,0.00215
295,6928.00254,0.00132
296,6926.07381,0.00053
297,6924.14508,0.00095
298,6922.21635,0.00139
299,6920.28762,0.0007
300,6918.35888,0.00046
301,6916.43015,0.00157
302,6914.50142,0.00187
303,6912.57269,0.00042
304,6910.64396,-0.00088
305,6908.71523,-0.00092
306,6906.7865,0.00017
307,6904.85777,0.00105
308,6902.92903,0.00036
309,6901.0003,-0.00083
310,6899.07157,-0.00118
311,6897.14284,-0.00049
312,6895.21411,0.00092
313,6893.28538,0.00145
314,6891.35665,8e-05
315,6889.42792,-0.00144
316,6887.49918,-0.00082
317,6885.57045,0.00148
318,6883.64172,0.0034
319,6881.71299,0.00368
320,6879.78426,0.00226
321,6877.85553,0.00086
322,6875.9268,0.00085
323,6873.99807,0.00083
324,6872.06934,2e-05
325,6870.1406,7e-05
326,6868.21187,0.00155
327,6866.28314,0.00303
328,6864.35441,0.00319
329,6862.42568,0.00227
330,6860.49695,0.00157
331,6858.56822,0.0015
332,6856.63949,0.00137
333,6854.71075,0.00079
334,6852.78202,-0.0002
335,6850.85329,-0.00095
336,6848.92456,-0.0008
337,6846.99583,0.00021
338,6845.0671,0.00061
339,6843.13837,0.00024
340,6841.20964,-0.00019
341,6839.2809,-0.0002
342,6837.35217,0.00042
343,6835.42344,0.0014
344,6833.49471,0.00228
345,6831.56598,0.00295
346,6829.63725,0.00336
347,6827.70852,0.00418
348,6825.77979,0.00494
349,6823.85105,0.00429
350,6821.92232,0.00253
351,6819.99359,0.00086
352,6818.06486,0.00077
353,6816.13613,0.00189
354,6814.2074,0.00166
355,6812.27867,0.00045
356,6810.34994,0.0005
357,6808.4212,0.00116
358,6806.49247,0.00109
359,6804.56374,0.00149
360,6802.63501,0.00249
361,6800.70628,0.00177
362,6798.77755,-2e-05
363,6796.84882,0.00022
364,6794.92009,0.0024
365,6792.99136,0.00432
366,6791.06262,0.00455
367,6789.13389,0.00231
368,6787.20516,-0.00048
369,6785.27643,-0.00016
370,6783.3477,0.00273
371,6781.41897,0.00427
372,6779.49024,0.00391
373,6777.56151,0.00368
374,6775.63277,0.00346
375,6773.70404,0.00276
376,6771.77531,0.00248
377,6769.84658,0.0022
378,6767.91785,0.00116
379,6765.98912,0.00071
380,6764.06039,0.00122
381,6762.13166,0.00148
382,6760.20292,0.00155
383,6758.27419,0.00168
384,6756.34546,0.00128
385,6754.41673,0.00038
386,6752.488,-0.00039
387,6750.55927,-0.00056
388,6748.63054,-0.00012
389,6746.70181,0.00069
390,6744.77307,0.00135
391,6742.84434,0.00103
392,6740.91561,-0.00018
393,6738.98688,-0.00126
394,6737.05815,-0.00106
395,6735.12942,0.00066
396,6733.20069,0.00241
397,6731.27196,0.00306
398,6729.34322,0.0031
399,6727.41449,0.00324
400,6725.48576,0.00356
401,6723.55703,0.00348
402,6721.6283,0.00246
403,6719.69957,0.00097
404,6717.77084,-0.00015
405,6715.84211,-0.00066
406,6713.91338,-0.00045
407,6711.98464,0.00045
408,6710.05591,0.00096
409,6708.12718,3e-05
410,6706.19845,-0.00182
411,6704.26972,-0.00258
412,6702.34099,-0.00152
413,6700.41226,-0.00047
414,6698.48353,-1e-05
415,6696.55479,0.00024
416,6694.62606,-0.00038
417,6692.69733,-0.00116
418,6690.7686,-0.00136
419,6688.83987,-0.00173
420,6686.91114,-0.0022
421,6684.98241,-0.00182
422,6683.05368,-0.00057
423,6681.12494,0.00073
424,6679.19621,0.00179
425,6677.26748,0.00229
426,6675.33875,0.00184
427,6673.41002,0.00173
428,6671.48129,0.00258
429,6669.55256,0.00261
430,6667.62383,0.00186
431,6665.69509,0.00172
432,6663.76636,0.00214
433,6661.83763,0.00298
434,6659.9089,0.00348
435,6657.98017,0.00263
436,6656.05144,0.00072
437,6654.12271,-0.00089
438,6652.19398,-0.00078
439,6650.26524,0.00026
440,6648.33651,0.0012
441,6646.40778,0.00254
442,6644.47905,0.00325
443,6642.55032,0.0027
444,6640.62159,0.00241
445,6638.69286,0.00255
446,6636.76413,0.00173
447,6634.8354,0.00065
448,6632.90666,0.00083
449,6630.97793,0.00118
450,6629.0492,0.0007
451,6627.12047,0.00032
452,6625.19174,0.00039
453,6623.26301,0.00014
454,6621.33428,-4e-05
455,6619.40555,0.00068
456,6617.47681,0.00088
457,6615.54808,-0.00015
458,6613.61935,-0.00091
459,6611.69062,-0.00133
460,6609.76189,-0.00182
461,6607.83316,-0.00161
462,6605.90443,-0.00118
463,6603.9757,-0.00142
464,6602.04696,-0.00165
465,6600.11823,-0.00127
466,6598.1895,-0.00041
467,6596.26077,0.00058
468,6594.33204,0.0014
469,6592.40331,0.00168
470,6590.47458,0.00114
471,6588.54585,0.00093
472,6586.61711,0.00203
473,6584.68838,0.00325
474,6582.75965,0.00305
475,6580.83092,0.00182
476,6578.90219,0.00098
477,6576.97346,0.0001
478,6575.04473,-0.00137
479,6573.116,-0.00196
480,6571.18726,-0.0007
481,6569.25853,0.00121
482,6567.3298,0.00195
483,6565.40107,0.00172
484,6563.47234,0.00166
485,6561.54361,0.00165
486,6559.61488,0.00184
487,6557.68615,0.00221
488,6555.75742,0.00174
489,6553.82868,0.00058
490,6551.89995,-0.00012
491,6549.97122,-0.00019
492,6548.04249,6e-05
493,6546.11376,0.00039
494,6544.18503,0.00031
495,6542.2563,-0.0002
496,6540.32757,-0.00046
497,6538.39883,8e-05
498,6536.4701,0.00076
499,6534.54137,0.00016
500,6532.61264,-0.00126
501,6530.68391,-0.00182
502,6528.75518,-0.00148
503,6526.82645,-0.00113
504,6524.89772,-0.00066
505,6522.96898,0.0003
506,6521.04025,0.00191
507,6519.11152,0.00334
508,6517.18279,0.00287
509,6515.25406,0.00073
510,6513.32533,-0.00076
511,6511.3966,-0.00061
512,6509.46787,5e-05
513,6507.53913,0.0006
514,6505.6104,0.00101
515,6503.68167,0.00083
516,6501.75294,0.00041
517,6499.82421,-4e-05
518,6497.89548,-0.00085
519,6495.96675,-0.00131
520,6494.03802,-0.00109
521,6492.10928,-0.00082
522,6490.18055,-0.00047
523,6488.25182,-0.00012
524,6486.32309,-0.00051
525,6484.39436,-0.00137
526,6482.46563,-0.00166
527,6480.5369,-0.00119
528,6478.60817,-0.00069
529,6476.67944,-0.0005
530,6474.7507,-0.00027
531,6472.82197,0.00059
532,6470.89324,0.00235
533,6468.96451,0.00381
534,6467.03578,0.00366
535,6465.10705,0.00244
536,6463.17832,0.00131
537,6461.24959,0.00064
538,6459.32085,0.00019
539,6457.39212,-2e-05
540,6455.46339,0.00056
541,6453.53466,0.00196
542,6451.60593,0.00317
543,6449.6772,0.00311
544,6447.74847,0.00209
545,6445.81974,0.00096
546,6443.891,-0.00033
547,6441.96227,-0.00144
548,6440.03354,-0.00115
549,6438.10481,0.00021
550,6436.17608,0.00085
551,6434.24735,0.00042
552,6432.31862,-0.00042
553,6430.38989,-0.00144
554,6428.46115,-0.0019
555,6426.53242,-0.00114
556,6424.60369,0.00024
557,6422.67496,0.00107
558,6420.74623,0.00123
559,6418.8175,0.00123
560,6416.88877,0.00087
561,6414.96004,0.00043
562,6413.0313,0.00055
563,6411.10257,0.00059
564,6409.17384,0.00015
565,6407.24511,-0.00015
566,6405.31638,-4e-05
567,6403.38765,0.00022
568,6401.45892,0.00023
569,6399.53019,-2e-05
570,6397.60146,-0.00037
571,6395.67272,-0.00065
572,6393.74399,-0.00078
573,6391.81526,-0.00078
574,6389.88653,-0.00068
575,6387.9578,-0.00107
576,6386.02907,-0.00161
577,6384.10034,-0.00124
578,6382.17161,-0.00054
579,6380.24287,-0.00024
580,6378.31414,-0.00019
581,6376.38541,-0.00041
582,6374.45668,-0.00052
583,6372.52795,0.00023
584,6370.59922,0.00108
585,6368.67049,0.00101
586,6366.74176,0.00109
587,6364.81302,0.00171
588,6362.88429,0.0016
589,6360.95556,0.00077
590,6359.02683,-0.00011
591,6357.0981,-0.00067
592,6355.16937,-0.00056
593,6353.24064,-0.00056
594,6351.31191,-0.00101
595,6349.38317,-0.00081
596,6347.45444,-9e-05
597,6345.52571,-3e-05
598,6343.59698,-0.00066
599,6341.66825,-0.0008
600,6339.73952,0.00021
601,6337.81079,0.00122
602,6335.88206,0.00124
603,6333.95332,0.0008
604,6332.02459,0.00042
605,6330.09586,0.00038
606,6328.16713,0.00097
607,6326.2384,0.00133
608,6324.30967,0.00051
609,6322.38094,-0.00045
610,6320.45221,6e-05
611,6318.52348,0.00141
612,6316.59474,0.00203
613,6314.66601,0.0015
614,6312.73728,0.00025
615,6310.80855,-0.00082
616,6308.87982,-0.00107
617,6306.95109,-0.00075
618,6305.02236,-0.00075
619,6303.09363,-0.00151
620,6301.16489,-0.00197
621,6299.23616,-0.00113
622,6297.30743,0.00035
623,6295.3787,0.00112
624,6293.44997,0.00079
625,6291.52124,0.00022
626,6289.59251,1e-05
627,6287.66378,0.0
628,6285.73504,0.00024
629,6283.80631,0.00068
630,6281.87758,0.00079
631,6279.94885,0.00062
632,6278.02012,0.0009
633,6276.09139,0.00122
634,6274.16266,0.00066
635,6272.23393,-0.00039
636,6270.30519,-0.00073
637,6268.37646,-0.00051
638,6266.44773,-0.00056
639,6264.519,-0.00015
640,6262.59027,0.00094
641,6260.66154,0.00132
642,6258.73281,0.00088
643,6256.80408,0.00077
644,6254.87534,0.00127
645,6252.94661,0.00132
646,6251.01788,0.00034
647,6249.08915,-0.00032
648,6247.16042,0.00025
649,6245.23169,0.00097
650,6243.30296,0.00099
651,6241.37423,0.00074
652,6239.4455,0.0008
653,6237.51676,0.00108
654,6235.58803,0.00097
655,6233.6593,0.00067
656,6231.73057,0.00076
657,6229.80184,0.00078
658,6227.87311,0.0004
659,6225.94438,-5e-05
660,6224.01565,-0.00018
661,6222.08691,-3e-05
662,6220.15818,-3e-05
663,6218.22945,-0.00014
664,6216.30072,-7e-05
665,6214.37199,4e-05
666,6212.44326,0.0002
667,6210.51453,0.00079
668,6208.5858,0.00181
669,6206.65706,0.00208
670,6204.72833,0.00111
671,6202.7996,0.00034
672,6200.87087,0.00054
673,6198.94214,0.001
674,6197.01341,0.00128
675,6195.08468,0.0013
676,6193.15595,0.00106
677,6191.22721,0.00076
678,6189.29848,0.00057
679,6187.36975,0.00024
680,6185.44102,-0.0004
681,6183.51229,-0.00073
682,6181.58356,-0.00045
683,6179.65483,-0.00022
684,6177.7261,-0.00054
685,6175.79736,-0.001
686,6173.86863,-0.00085
687,6171.9399,-0.00035
688,6170.01117,-0.00044
689,6168.08244,-0.00069
690,6166.15371,-0.00011
691,6164.22498,0.00052
692,6162.29625,0.00025
693,6160.36752,-0.00029
694,6158.43878,-0.0001
695,6156.51005,0.00082
696,6154.58132,0.00155
697,6152.65259,0.00145
698,6150.72386,0.00087
699,6148.79513,8e-05
700,6146.8664,-0.00069
701,6144.93767,-0.00064
702,6143.00893,0.00055
703,6141.0802,0.00167
704,6139.15147,0.00161
705,6137.22274,0.00091
706,6135.29401,0.00049
707,6133.36528,0.00027
708,6131.43655,-0.00013
709,6129.50782,-0.00048
710,6127.57908,-0.00036
711,6125.65035,-0.0001
712,6123.72162,7e-05
713,6121.79289,0.00036
714,6119.86416,0.00059
715,6117.93543,0.00049
716,6116.0067,0.00022
717,6114.07797,5e-05
718,6112.14923,0.00029
719,6110.2205,0.00078
720,6108.29177,0.00082
721,6106.36304,0.00062
722,6104.43431,0.00086
723,6102.50558,0.00104
724,6100.57685,0.00046
725,6098.64812,-0.00035
726,6096.71938,-0.00044
727,6094.79065,0.00024
728,6092.86192,0.00112
729,6090.93319,0.0014
730,6089.00446,0.00072
731,6087.07573,-0.00023
732,6085.147,-0.00063
733,6083.21827,-0.00063
734,6081.28954,-0.0008
735,6079.3608,-0.0011
736,6077.43207,-0.00131
737,6075.50334,-0.0012
738,6073.57461,-0.00062
739,6071.64588,-2e-05
740,6069.71715,0.00013
741,6067.78842,8e-05
742,6065.85969,-0.00011
743,6063.93095,-0.00032
744,6062.00222,-3e-05
745,6060.07349,0.00053
746,6058.14476,0.0006
747,6056.21603,0.0001
748,6054.2873,-0.00069
749,6052.35857,-0.00142
750,6050.42984,-0.00159
751,6048.5011,-0.00108
752,6046.57237,-0.00048
753,6044.64364,-0.00017
754,6042.71491,4e-05
755,6040.78618,0.00021
756,6038.85745,0.00019
757,6036.92872,5e-05
758,6034.99999,1e-05
759,6033.07125,2e-05
760,6031.14252,-7e-05
761,6029.21379,-0.00019
762,6027.28506,-0.00022
763,6025.35633,-0.0002
764,6023.4276,-0.00043
765,6021.49887,-0.00074
766,6019.57014,-0.00071
767,6017.6414,-0.0005
768,6015.71267,-0.00044
769,6013.78394,-0.00053
770,6011.85521,-0.00058
771,6009.92648,-0.00067
772,6007.99775,-0.00062
773,6006.06902,-0.00026
774,6004.14029,0.00018
775,6002.21156,0.00052
776,6000.28282,0.00055
777,5998.35409,0.00043
778,5996.42536,0.00044
779,5994.49663,0.00038
780,5992.5679,0.00024
781,5990.63917,0.00032
782,5988.71044,0.00052
783,5986.78171,0.00015
784,5984.85297,-0.00083
785,5982.92424,-0.00116
786,5980.99551,-0.00066
787,5979.06678,-0.00029
788,5977.13805,-4e-05
789,5975.20932,0.00046
790,5973.28059,0.00071
791,5971.35186,0.00047
792,5969.42312,0.00022
793,5967.49439,0.00027
794,5965.56566,0.00043
795,5963.63693,0.0004
796,5961.7082,0.00021
797,5959.77947,1e-05
798,5957.85074,-0.00031
799,5955.92201,-0.00056
800,5953.99327,-0.00031
801,5952.06454,0.00025
802,5950.13581,0.00046
803,5948.20708,0.00015
804,5946.27835,-0.00032
805,5944.34962,-0.00068
806,5942.42089,-0.00112
807,5940.49216,-0.00157
808,5938.56342,-0.00181
809,5936.63469,-0.00187
810,5934.70596,-0.00137
811,5932.77723,-0.00052
812,5930.8485,8e-05
813,5928.91977,0.0004
814,5926.99104,0.00049
815,5925.06231,0.00042
816,5923.13358,0.00028
817,5921.20484,1e-05
818,5919.27611,-0.00021
819,5917.34738,-0.00012
820,5915.41865,0.0001
821,5913.48992,3e-05
822,5911.56119,-0.0004
823,5909.63246,-0.00086
824,5907.70373,-0.00103
825,5905.77499,-0.00063
826,5903.84626,4e-05
827,5901.91753,8e-05
828,5899.9888,-0.00018
829,5898.06007,3e-05
830,5896.13134,0.00028
831,5894.20261,-1e-05
832,5892.27388,-0.00056
833,5890.34514,-0.00069
834,5888.41641,-0.00032
835,5886.48768,5e-05
836,5884.55895,0.00023
837,5882.63022,6e-05
838,5880.70149,-0.00038
839,5878.77276,-0.00033
840,5876.84403,0.00033
841,5874.91529,0.00091
842,5872.98656,0.00121
843,5871.05783,0.0012
844,5869.1291,0.00051
845,5867.20037,-0.00048
846,5865.27164,-0.00071
847,5863.34291,-0.00036
848,5861.41418,-0.00029
849,5859.48544,-0.00025
850,5857.55671,3e-05
851,5855.62798,7e-05
852,5853.69925,-0.00011
853,5851.77052,-0.00011
854,5849.84179,1e-05
855,5847.91306,3e-05
856,5845.98433,0.00013
857,5844.0556,0.0004
858,5842.12686,0.00032
859,5840.19813,-3e-05
860,5838.2694,4e-05
861,5836.34067,0.00033
862,5834.41194,0.00037
863,5832.48321,0.00035
864,5830.55448,0.00041
865,5828.62575,0.00043
866,5826.69701,0.00029
867,5824.76828,0.00013
868,5822.83955,0.00025
869,5820.91082,0.00054
870,5818.98209,0.00068
871,5817.05336,0.00087
872,5815.12463,0.00128
873,5813.1959,0.0015
874,5811.26716,0.00129
875,5809.33843,0.00089
876,5807.4097,0.00061
877,5805.48097,0.00057
878,5803.55224,0.00054
879,5801.62351,0.00037
880,5799.69478,0.00035
881,5797.76605,0.00053
882,5795.83731,0.00067
883,5793.90858,0.00085
884,5791.97985,0.00091
885,5790.05112,0.00056
886,5788.12239,0.00029
887,5786.19366,0.00054
888,5784.26493,0.00073
889,5782.3362,0.00016
890,5780.40746,-0.00074
891,5778.47873,-0.00094
892,5776.55,-0.00051
893,5774.62127,-0.00028
894,5772.69254,-0.00034
895,5770.76381,-0.00031
896,5768.83508,-0.00029
897,5766.90635,-0.00046
898,5764.97762,-0.00066
899,5763.04888,-0.00067
900,5761.12015,-0.00042
901,5759.19142,-0.00014
902,5757.26269,-3e-05
903,5755.33396,6e-05
904,5753.40523,-6e-05
905,5751.4765,-0.00045
906,5749.54777,-0.00045
907,5747.61903,-5e-05
908,5745.6903,0.00011
909,5743.76157,0.0
910,5741.83284,-6e-05
911,5739.90411,2e-05
912,5737.97538,0.00032
913,5736.04665,0.00055
914,5734.11792,0.00041
915,5732.18918,7e-05
916,5730.26045,-0.00034
917,5728.33172,-0.00072
918,5726.40299,-0.00056
919,5724.47426,4e-05
920,5722.54553,0.00035
921,5720.6168,0.00026
922,5718.68807,2e-05
923,5716.75933,-0.00011
924,5714.8306,0.00016
925,5712.90187,0.00063
926,5710.97314,0.00065
927,5709.04441,2e-05
928,5707.11568,-0.00051
929,5705.18695,-0.0002
930,5703.25822,0.00046
931,5701.32948,0.00051
932,5699.40075,8e-05
933,5697.47202,-2e-05
934,5695.54329,0.00018
935,5693.61456,0.00011
936,5691.68583,-0.00015
937,5689.7571,-0.00029
938,5687.82837,-0.00042
939,5685.89964,-0.00069
940,5683.9709,-0.00074
941,5682.04217,-0.00032
942,5680.11344,0.00013
943,5678.18471,0.00013
944,5676.25598,-0.00017
945,5674.32725,-0.00018
946,5672.39852,0.0001
947,5670.46979,0.00023
948,5668.54105,-0.0
949,5666.61232,-0.00029
950,5664.68359,-0.00027
951,5662.75486,-0.00013
952,5660.82613,-0.00019
953,5658.8974,-0.00018
954,5656.96867,0.00019
955,5655.03994,0.00044
956,5653.1112,0.00015
957,5651.18247,-0.00021
958,5649.25374,-0.00029
959,5647.32501,-0.00035
960,5645.39628,-0.00037
961,5643.46755,-0.00021
962,5641.53882,8e-05
963,5639.61009,0.00034
964,5637.68135,0.00036
965,5635.75262,2e-05
966,5633.82389,-0.0004
967,5631.89516,-0.00042
968,5629.96643,4e-05
969,5628.0377,0.00046
970,5626.10897,0.00044
971,5624.18024,0.00024
972,5622.2515,-1e-05
973,5620.32277,-0.00038
974,5618.39404,-0.0006
975,5616.46531,-0.00051
976,5614.53658,-0.0002
977,5612.60785,0.00018
978,5610.67912,0.00033
979,5608.75039,0.00021
980,5606.82166,0.00031
981,5604.89292,0.00078
982,5602.96419,0.00118
983,5601.03546,0.00108
984,5599.10673,0.00078
985,5597.178,0.0008
986,5595.24927,0.00089
987,5593.32054,0.00067
988,5591.39181,0.00025
989,5589.46307,-0.00016
990,5587.53434,-0.0004
991,5585.60561,-0.0003
992,5583.67688,0.00018
993,5581.74815,0.00062
994,5579.81942,0.00054
995,5577.89069,0.00018
996,5575.96196,1e-05
997,5574.03322,0.0001
998,5572.10449,0.00036
999,5570.17576,0.00051
1000,5568.24703,0.00023
1001,5566.3183,-0.00025
1002,5564.38957,-0.00035
1003,5562.46084,1e-05
1004,5560.53211,0.00049
1005,5558.60337,0.00073
1006,5556.67464,0.00064
1007,5554.74591,0.00053
1008,5552.81718,0.00059
1009,5550.88845,0.00068
1010,5548.95972,0.00069
1011,5547.03099,0.0007
1012,5545.10226,0.00056
1013,5543.17352,0.00032
1014,5541.24479,0.00032
1015,5539.31606,0.00052
1016,5537.38733,0.0006
1017,5535.4586,0.00075
1018,5533.52987,0.00106
1019,5531.60114,0.00115
1020,5529.67241,0.00086
1021,5527.74368,0.00059
1022,5525.81494,0.0005
1023,5523.88621,0.00038
1024,5521.95748,0.00028
1025,5520.02875,0.00028
1026,5518.10002,0.0003
1027,5516.17129,0.00046
1028,5514.24256,0.00069
1029,5512.31383,0.0006
1030,5510.38509,0.00029
1031,5508.45636,0.00018
1032,5506.52763,0.00041
1033,5504.5989,0.00069
1034,5502.67017,0.00064
1035,5500.74144,0.0002
1036,5498.81271,-6e-05
1037,5496.88398,0.00043
1038,5494.95524,0.00095
1039,5493.02651,0.00091
1040,5491.09778,0.00072
1041,5489.16905,0.00059
1042,5487.24032,0.00058
1043,5485.31159,0.0007
1044,5483.38286,0.00081
1045,5481.45413,0.0008
1046,5479.52539,0.00056
1047,5477.59666,-6e-05
1048,5475.66793,-0.00043
1049,5473.7392,-3e-05
1050,5471.81047,0.00035
1051,5469.88174,0.00035
1052,5467.95301,0.00044
1053,5466.02428,0.00055
1054,5464.09554,0.00042
1055,5462.16681,0.0001
1056,5460.23808,-1e-05
1057,5458.30935,7e-05
1058,5456.38062,0.00016
1059,5454.45189,0.00047
1060,5452.52316,0.0007
1061,5450.59443,0.00052
1062,5448.6657,0.00028
1063,5446.73696,0.00022
1064,5444.80823,0.00032
1065,5442.8795,0.00026
1066,5440.95077,0.00012
1067,5439.02204,0.00032
1068,5437.09331,0.00016
1069,5435.16458,-0.0002
1070,5433.23585,-8e-05
1071,5431.30711,-0.00037
1072,5429.37838,-0.00098
1073,5427.44965,-0.00062
1074,5425.52092,0.00016
1075,5423.59219,0.00046
1076,5421.66346,0.00039
1077,5419.73473,0.00013
1078,5417.806,-0.00035
1079,5415.87726,-0.00103
1080,5413.94853,-0.0013
1081,5412.0198,-0.00088
1082,5410.09107,-0.00048
1083,5408.16234,-0.00029
1084,5406.23361,-0.00014
1085,5404.30488,4e-05
1086,5402.37615,0.00031
1087,5400.44741,0.00042
1088,5398.51868,0.00025
1089,5396.58995,-0.00012
1090,5394.66122,-0.00035
1091,5392.73249,7e-05
1092,5390.80376,0.00063
1093,5388.87503,0.00044
1094,5386.9463,-0.0
1095,5385.01756,0.00018
1096,5383.08883,0.00067
1097,5381.1601,0.00085
1098,5379.23137,0.00057
1099,5377.30264,0.0001
1100,5375.37391,6e-05
1101,5373.44518,0.00033
1102,5371.51645,0.00039
1103,5369.58772,0.00032
1104,5367.65898,0.00023
1105,5365.73025,6e-05
1106,5363.80152,-1e-05
1107,5361.87279,0.00013
1108,5359.94406,0.00036
1109,5358.01533,0.00054
1110,5356.0866,0.00025
1111,5354.15787,-0.00024
1112,5352.22913,-8e-05
1113,5350.3004,0.00026
1114,5348.37167,-6e-05
1115,5346.44294,-0.00084
1116,5344.51421,-0.00107
1117,5342.58548,-0.00052
1118,5340.65675,-0.00067
1119,5338.72802,-0.00119
1120,5336.79928,-0.00064
1121,5334.87055,0.00024
1122,5332.94182,0.00044
1123,5331.01309,0.00018
1124,5329.08436,-0.00017
1125,5327.15563,-0.00014
1126,5325.2269,0.00032
1127,5323.29817,0.00056
1128,5321.36943,0.00053
1129,5319.4407,0.0004
1130,5317.51197,9e-05
1131,5315.58324,-9e-05
1132,5313.65451,0.00017
1133,5311.72578,0.00059
1134,5309.79705,0.00064
1135,5307.86832,0.00041
1136,5305.93958,0.00046
1137,5304.01085,0.00064
1138,5302.08212,0.00064
1139,5300.15339,0.00081
1140,5298.22466,0.00123
1141,5296.29593,0.00158
1142,5294.3672,0.00166
1143,5292.43847,0.00147
1144,5290.50974,0.00131
1145,5288.581,0.00153
1146,5286.65227,0.00178
1147,5284.72354,0.00198
1148,5282.79481,0.0023
1149,5280.86608,0.00268
1150,5278.93735,0.00312
1151,5277.00862,0.00345
1152,5275.07989,0.00344
1153,5273.15115,0.00318
1154,5271.22242,0.00288
1155,5269.29369,0.00287
1156,5267.36496,0.0031
1157,5265.43623,0.00315
1158,5263.5075,0.00327
1159,5261.57877,0.00381
1160,5259.65004,0.00435
1161,5257.7213,0.0045
1162,5255.79257,0.00442
1163,5253.86384,0.00471
1164,5251.93511,0.00487
1165,5250.00638,0.00433
1166,5248.07765,0.00398
1167,5246.14892,0.00443
1168,5244.22019,0.00503
1169,5242.29145,0.00546
1170,5240.36272,0.00557
1171,5238.43399,0.00548
1172,5236.50526,0.00546
1173,5234.57653,0.00551
1174,5232.6478,0.0055
1175,5230.71907,0.00546
1176,5228.79034,0.00526
1177,5226.8616,0.00484
1178,5224.93287,0.00494
1179,5223.00414,0.0056
1180,5221.07541,0.0059
1181,5219.14668,0.00587
1182,5217.21795,0.00601
1183,5215.28922,0.00615
1184,5213.36049,0.00604
1185,5211.43176,0.00569
1186,5209.50302,0.00513
1187,5207.57429,0.00474
1188,5205.64556,0.00489
1189,5203.71683,0.0053
1190,5201.7881,0.00558
1191,5199.85937,0.00573
1192,5197.93064,0.00571
1193,5196.00191,0.00574
1194,5194.07317,0.00587
1195,5192.14444,0.00587
1196,5190.21571,0.00571
1197,5188.28698,0.00543
1198,5186.35825,0.00511
1199,5184.42952,0.00515
1200,5182.50079,0.00547
1201,5180.57206,0.00556
1202,5178.64332,0.00564
1203,5176.71459,0.00593
1204,5174.78586,0.0062
1205,5172.85713,0.0062
1206,5170.9284,0.00599
1207,5168.99967,0.00579
1208,5167.07094,0.00558
1209,5165.14221,0.00525
1210,5163.21347,0.00507
1211,5161.28474,0.00516
1212,5159.35601,0.00522
1213,5157.42728,0.00511
1214,5155.49855,0.00489
1215,5153.56982,0.0047
1216,5151.64109,0.00483
1217,5149.71236,0.00517
1218,5147.78362,0.00526
1219,5145.85489,0.00507
1220,5143.92616,0.00486
1221,5141.99743,0.00475
1222,5140.0687,0.00468
1223,5138.13997,0.00443
1224,5136.21124,0.00409
1225,5134.28251,0.00397
1226,5132.35378,0.00395
1227,5130.42504,0.00392
1228,5128.49631,0.00403
1229,5126.56758,0.00425
1230,5124.63885,0.00437
1231,5122.71012,0.00441
1232,5120.78139,0.00438
1233,5118.85266,0.00425
1234,5116.92393,0.00413
1235,5114.99519,0.00401
1236,5113.06646,0.00379
1237,5111.13773,0.00349
1238,5109.209,0.00328
1239,5107.28027,0.00316
1240,5105.35154,0.00305
1241,5103.42281,0.00305
1242,5101.49408,0.00323
1243,5099.56534,0.00336
1244,5097.63661,0.00333
1245,5095.70788,0.00323
1246,5093.77915,0.00303
1247,5091.85042,0.00279
1248,5089.92169,0.00277
1249,5087.99296,0.00303
1250,5086.06423,0.0033
1251,5084.13549,0.00325
1252,5082.20676,0.0028
1253,5080.27803,0.00232
1254,5078.3493,0.00217
1255,5076.42057,0.0023
1256,5074.49184,0.00244
1257,5072.56311,0.00243
1258,5070.63438,0.0024
1259,5068.70564,0.00255
1260,5066.77691,0.00262
1261,5064.84818,0.00231
1262,5062.91945,0.00199
1263,5060.99072,0.00192
1264,5059.06199,0.00187
1265,5057.13326,0.00178
1266,5055.20453,0.00164
1267,5053.2758,0.00137
1268,5051.34706,0.00114
1269,5049.41833,0.00121
1270,5047.4896,0.00155
1271,5045.56087,0.00185
1272,5043.63214,0.00177
1273,5041.70341,0.00137
1274,5039.77468,0.0011
1275,5037.84595,0.00121
1276,5035.91721,0.00147
1277,5033.98848,0.00161
1278,5032.05975,0.00161
1279,5030.13102,0.00155
1280,5028.20229,0.00149
1281,5026.27356,0.00139
1282,5024.34483,0.00134
1283,5022.4161,0.00143
1284,5020.48736,0.00149
1285,5018.55863,0.00141
1286,5016.6299,0.0013
1287,5014.70117,0.00117
1288,5012.77244,0.00105
1289,5010.84371,0.00103
1290,5008.91498,0.00102
1291,5006.98625,0.00102
1292,5005.05751,0.00111
1293,5003.12878,0.0012
1294,5001.20005,0.00118
1295,4999.27132,0.00105
1296,4997.34259,0.00087
1297,4995.41386,0.00065
1298,4993.48513,0.0005
1299,4991.5564,0.00058
1300,4989.62766,0.00078
1301,4987.69893,0.00083
1302,4985.7702,0.00074
1303,4983.84147,0.00073
1304,4981.91274,0.00072
1305,4979.98401,0.00051
1306,4978.05528,0.0002
1307,4976.12655,-0.0
1308,4974.19782,-2e-05
1309,4972.26908,-1e-05
1310,4970.34035,1e-05
1311,4968.41162,0.00022
1312,4966.48289,0.00057
1313,4964.55416,0.00073
1314,4962.62543,0.00061
1315,4960.6967,0.00044
1316,4958.76797,0.00049
1317,4956.83923,0.00059
1318,4954.9105,0.0005
1319,4952.98177,0.00037
1320,4951.05304,0.00041
1321,4949.12431,0.0005
1322,4947.19558,0.00046
1323,4945.26685,0.00041
1324,4943.33812,0.00048
1325,4941.40938,0.00051
1326,4939.48065,0.00039
1327,4937.55192,0.00026
1328,4935.62319,0.00032
1329,4933.69446,0.00054
1330,4931.76573,0.00066
1331,4929.837,0.0005
1332,4927.90827,0.00027
1333,4925.97953,0.0002
1334,4924.0508,0.00027
1335,4922.12207,0.00038
1336,4920.19334,0.00041
1337,4918.26461,0.00033
1338,4916.33588,0.00024
1339,4914.40715,0.0002
1340,4912.47842,0.00024
1341,4910.54968,0.00026
1342,4908.62095,0.00013
1343,4906.69222,-4e-05
1344,4904.76349,3e-05
1345,4902.83476,0.00025
1346,4900.90603,0.00032
1347,4898.9773,0.00025
1348,4897.04857,0.00022
1349,4895.11984,0.00033
1350,4893.1911,0.00044
1351,4891.26237,0.00043
1352,4889.33364,0.00037
1353,4887.40491,0.00042
1354,4885.47618,0.0006
1355,4883.54745,0.0007
1356,4881.61872,0.00055
1357,4879.68999,0.0003
1358,4877.76125,0.0002
1359,4875.83252,0.00021
1360,4873.90379,0.00016
1361,4871.97506,0.0001
1362,4870.04633,0.00016
1363,4868.1176,0.00031
1364,4866.18887,0.00033
1365,4864.26014,0.00022
1366,4862.3314,8e-05
1367,4860.40267,-0.0
1368,4858.47394,8e-05
1369,4856.54521,0.0003
1370,4854.61648,0.00046
1371,4852.68775,0.00055
1372,4850.75902,0.00067
1373,4848.83029,0.00066
1374,4846.90155,0.00049
1375,4844.97282,0.0004
1376,4843.04409,0.00043
1377,4841.11536,0.00042
1378,4839.18663,0.00036
1379,4837.2579,0.00044
1380,4835.32917,0.00054
1381,4833.40044,0.00052
1382,4831.4717,0.00047
1383,4829.54297,0.0005
1384,4827.61424,0.00074
1385,4825.68551,0.001
1386,4823.75678,0.00103
1387,4821.82805,0.00088
1388,4819.89932,0.00072
1389,4817.97059,0.00065
1390,4816.04186,0.00068
1391,4814.11312,0.00068
1392,4812.18439,0.00047
1393,4810.25566,0.00021
1394,4808.32693,0.00021
1395,4806.3982,0.00033
1396,4804.46947,0.00041
1397,4802.54074,0.00044
1398,4800.61201,0.00045
1399,4798.68327,0.00045
1400,4796.75454,0.00044
1401,4794.82581,0.00047
1402,4792.89708,0.00055
1403,4790.96835,0.00059
1404,4789.03962,0.00057
1405,4787.11089,0.00055
1406,4785.18216,0.00057
1407,4783.25342,0.00058
1408,4781.32469,0.00057
1409,4779.39596,0.00056
1410,4777.46723,0.00053
1411,4775.5385,0.00048
1412,4773.60977,0.00055
1413,4771.68104,0.00072
1414,4769.75231,0.00072
1415,4767.82357,0.0005
1416,4765.89484,0.00035
1417,4763.96611,0.00039
1418,4762.03738,0.00052
1419,4760.10865,0.00062
1420,4758.17992,0.00061
1421,4756.25119,0.00044
1422,4754.32246,0.00024
1423,4752.39372,9e-05
1424,4750.46499,0.0
1425,4748.53626,-3e-05
1426,4746.60753,-8e-05
1427,4744.6788,-0.00012
1428,4742.75007,-0.00012
1429,4740.82134,-0.00021
1430,4738.89261,-0.00042
1431,4736.96388,-0.00067
1432,4735.03514,-0.00087
1433,4733.10641,-0.00086
1434,4731.17768,-0.00074
1435,4729.24895,-0.00075
1436,4727.32022,-0.00081
1437,4725.39149,-0.00078
1438,4723.46276,-0.00069
1439,4721.53403,-0.00061
1440,4719.60529,-0.00048
1441,4717.67656,-0.00037
1442,4715.74783,-0.00041
1443,4713.8191,-0.00053
1444,4711.89037,-0.00057
1445,4709.96164,-0.00045
1446,4708.03291,-0.00032
1447,4706.10418,-0.00025
1448,4704.17544,-0.00018
1449,4702.24671,1e-05
1450,4700.31798,0.00029
1451,4698.38925,0.00044
1452,4696.46052,0.00027
1453,4694.53179,-7e-05
1454,4692.60306,-0.00032
1455,4690.67433,-0.00044
1456,4688.74559,-0.00049
1457,4686.81686,-0.00039
1458,4684.88813,-0.00022
1459,4682.9594,-0.00017
1460,4681.03067,-0.00032
1461,4679.10194,-0.0005
1462,4677.17321,-0.00038
1463,4675.24448,-7e-05
1464,4673.31574,2e-05
1465,4671.38701,-0.0002
1466,4669.45828,-0.00047
1467,4667.52955,-0.00052
1468,4665.60082,-0.00036
1469,4663.67209,-0.00023
1470,4661.74336,-0.0002
1471,4659.81463,-0.00019
1472,4657.8859,-0.00015
1473,4655.95716,-2e-05
1474,4654.02843,8e-05
1475,4652.0997,2e-05
1476,4650.17097,-0.0
1477,4648.24224,0.00016
1478,4646.31351,0.00019
1479,4644.38478,3e-05
1480,4642.45605,-4e-05
1481,4640.52731,-0.0
1482,4638.59858,-5e-05
1483,4636.66985,-0.0001
1484,4634.74112,-1e-05
1485,4632.81239,0.00014
1486,4630.88366,0.00021
1487,4628.95493,0.00021
1488,4627.0262,0.00027
1489,4625.09746,0.00029
1490,4623.16873,0.00025
1491,4621.24,0.00016
1492,4619.31127,1e-05
1493,4617.38254,-5e-05
1494,4615.45381,6e-05
1495,4613.52508,0.00025
1496,4611.59635,0.00038
1497,4609.66761,0.00034
1498,4607.73888,0.00018
1499,4605.81015,0.00011
1500,4603.88142,0.00021
1501,4601.95269,0.00032
1502,4600.02396,0.00042
1503,4598.09523,0.00061
1504,4596.1665,0.00066
1505,4594.23776,0.00051
1506,4592.30903,0.00045
1507,4590.3803,0.00055
1508,4588.45157,0.00053
1509,4586.52284,0.0004
1510,4584.59411,0.00044
1511,4582.66538,0.00058
1512,4580.73665,0.0006
1513,4578.80792,0.0005
1514,4576.87918,0.00047
1515,4574.95045,0.00055
1516,4573.02172,0.00061
1517,4571.09299,0.00059
1518,4569.16426,0.00056
1519,4567.23553,0.00056
1520,4565.3068,0.00054
1521,4563.37807,0.00042
1522,4561.44933,0.00027
1523,4559.5206,0.00025
1524,4557.59187,0.00023
1525,4555.66314,0.00014
1526,4553.73441,0.00014
1527,4551.80568,0.00026
1528,4549.87695,0.00032
1529,4547.94822,0.00028
1530,4546.01948,0.0002
1531,4544.09075,7e-05
1532,4542.16202,-3e-05
1533,4540.23329,-5e-05
1534,4538.30456,-6e-05
1535,4536.37583,-8e-05
1536,4534.4471,-6e-05
1537,4532.51837,-3e-05
1538,4530.58963,0.0
1539,4528.6609,6e-05
1540,4526.73217,7e-05
1541,4524.80344,-3e-05
1542,4522.87471,-0.0001
1543,4520.94598,-3e-05
1544,4519.01725,6e-05
1545,4517.08852,0.00011
1546,4515.15978,9e-05
1547,4513.23105,2e-05
1548,4511.30232,-6e-05
1549,4509.37359,-0.00018
1550,4507.44486,-0.0002
1551,4505.51613,-0.0001
1552,4503.5874,-5e-05
1553,4501.65867,-0.00016
1554,4499.72994,-0.00027
1555,4497.8012,-0.00025
1556,4495.87247,-0.00023
1557,4493.94374,-0.00034
1558,4492.01501,-0.00046
1559,4490.08628,-0.00049
1560,4488.15755,-0.00052
1561,4486.22882,-0.00055
1562,4484.30009,-0.00051
1563,4482.37135,-0.00045
1564,4480.44262,-0.00044
1565,4478.51389,-0.00042
1566,4476.58516,-0.0004
1567,4474.65643,-0.00051
1568,4472.7277,-0.0007
1569,4470.79897,-0.00087
1570,4468.87024,-0.0009
1571,4466.9415,-0.00077
1572,4465.01277,-0.00062
1573,4463.08404,-0.00058
1574,4461.15531,-0.00064
1575,4459.22658,-0.00064
1576,4457.29785,-0.00051
1577,4455.36912,-0.00041
1578,4453.44039,-0.00043
1579,4451.51165,-0.00046
1580,4449.58292,-0.00052
1581,4447.65419,-0.00063
1582,4445.72546,-0.00059
1583,4443.79673,-0.00042
1584,4441.868,-0.00027
1585,4439.93927,-0.00019
1586,4438.01054,-8e-05
1587,4436.0818,0.0001
1588,4434.15307,0.00015
1589,4432.22434,4e-05
1590,4430.29561,-3e-05
1591,4428.36688,1e-05
1592,4426.43815,3e-05
1593,4424.50942,0.0
1594,4422.58069,-0.0
1595,4420.65196,0.0
1596,4418.72322,2e-05
1597,4416.79449,0.00012
1598,4414.86576,0.00028
1599,4412.93703,0.0004
1600,4411.0083,0.00046
1601,4409.07957,0.00044
1602,4407.15084,0.00043
1603,4405.22211,0.00048
1604,4403.29337,0.00044
1605,4401.36464,0.00031
1606,4399.43591,0.00023
1607,4397.50718,0.00022
1608,4395.57845,0.00032
1609,4393.64972,0.00061
1610,4391.72099,0.00091
1611,4389.79226,0.00093
1612,4387.86352,0.00073
1613,4385.93479,0.0005
1614,4384.00606,0.00034
1615,4382.07733,0.00034
1616,4380.1486,0.00041
1617,4378.21987,0.0004
1618,4376.29114,0.00036
1619,4374.36241,0.00037
1620,4372.43367,0.00045
1621,4370.50494,0.00054
1622,4368.57621,0.00047
1623,4366.64748,0.00035
1624,4364.71875,0.00046
1625,4362.79002,0.00072
1626,4360.86129,0.00082
1627,4358.93256,0.00076
1628,4357.00382,0.00071
1629,4355.07509,0.00072
1630,4353.14636,0.00074
1631,4351.21763,0.00075
1632,4349.2889,0.00076
1633,4347.36017,0.00077
1634,4345.43144,0.00076
1635,4343.50271,0.0008
1636,4341.57398,0.0008
1637,4339.64524,0.00071
1638,4337.71651,0.00067
1639,4335.78778,0.00076
1640,4333.85905,0.00085
1641,4331.93032,0.00076
1642,4330.00159,0.00052
1643,4328.07286,0.00033
1644,4326.14413,0.00038
1645,4324.21539,0.00061
1646,4322.28666,0.00069
1647,4320.35793,0.0005
1648,4318.4292,0.00026
1649,4316.50047,0.00014
1650,4314.57174,0.0001
1651,4312.64301,4e-05
1652,4310.71428,0.0
1653,4308.78554,7e-05
1654,4306.85681,0.00017
1655,4304.92808,0.0001
1656,4302.99935,-0.00014
1657,4301.07062,-0.00037
1658,4299.14189,-0.00041
1659,4297.21316,-0.0003
1660,4295.28443,-0.00018
1661,4293.35569,-0.00011
1662,4291.42696,-1e-05
1663,4289.49823,0.00013
1664,4287.5695,0.00012
1665,4285.64077,-6e-05
1666,4283.71204,-0.00022
1667,4281.78331,-0.00026
1668,4279.85458,-0.00018
1669,4277.92584,-0.0
1670,4275.99711,7e-05
1671,4274.06838,3e-05
1672,4272.13965,0.0001
1673,4270.21092,0.00022
1674,4268.28219,0.00025
1675,4266.35346,0.00027
1676,4264.42473,0.00032
1677,4262.496,0.00028
1678,4260.56726,0.00021
1679,4258.63853,0.00023
1680,4256.7098,0.00023
1681,4254.78107,0.00012
1682,4252.85234,2e-05
1683,4250.92361,1e-05
1684,4248.99488,5e-05
1685,4247.06615,5e-05
1686,4245.13741,-6e-05
1687,4243.20868,-0.00023
1688,4241.27995,-0.00033
1689,4239.35122,-0.00028
1690,4237.42249,-0.00021
1691,4235.49376,-0.00022
1692,4233.56503,-0.00025
1693,4231.6363,-0.00024
1694,4229.70756,-0.00019
1695,4227.77883,-8e-05
1696,4225.8501,0.0
1697,4223.92137,1e-05
1698,4221.99264,-1e-05
1699,4220.06391,-3e-05
1700,4218.13518,-4e-05
1701,4216.20645,-3e-05
1702,4214.27771,1e-05
1703,4212.34898,8e-05
1704,4210.42025,0.00011
1705,4208.49152,0.00017
1706,4206.56279,0.0002
1707,4204.63406,0.00012
1708,4202.70533,2e-05
1709,4200.7766,-0.0
1710,4198.84786,-3e-05
1711,4196.91913,-5e-05
1712,4194.9904,-0.0001
1713,4193.06167,-0.00012
1714,4191.13294,-7e-05
1715,4189.20421,-2e-05
1716,4187.27548,-8e-05
1717,4185.34675,-0.00019
1718,4183.41802,-0.00018
1719,4181.48928,-6e-05
1720,4179.56055,-7e-05
1721,4177.63182,-0.00022
1722,4175.70309,-0.00026
1723,4173.77436,-0.00015
1724,4171.84563,-0.00011
1725,4169.9169,-0.00021
1726,4167.98817,-0.00035
1727,4166.05943,-0.00046
1728,4164.1307,-0.00052
1729,4162.20197,-0.00053
1730,4160.27324,-0.0005
1731,4158.34451,-0.00047
1732,4156.41578,-0.00047
1733,4154.48705,-0.0004
1734,4152.55832,-0.00027
1735,4150.62958,-0.0002
1736,4148.70085,-0.00026
1737,4146.77212,-0.00043
1738,4144.84339,-0.0005
1739,4142.91466,-0.00046
1740,4140.98593,-0.00048
1741,4139.0572,-0.00056
1742,4137.12847,-0.0006
1743,4135.19973,-0.00051
1744,4133.271,-0.00035
1745,4131.34227,-0.00027
1746,4129.41354,-0.00026
1747,4127.48481,-0.00022
1748,4125.55608,-0.0002
1749,4123.62735,-0.00022
1750,4121.69862,-0.00021
1751,4119.76988,-0.0002
1752,4117.84115,-0.00028
1753,4115.91242,-0.00042
1754,4113.98369,-0.00043
1755,4112.05496,-0.00028
1756,4110.12623,-0.0002
1757,4108.1975,-0.00029
1758,4106.26877,-0.00042
1759,4104.34004,-0.00038
1760,4102.4113,-0.00016
1761,4100.48257,3e-05
1762,4098.55384,4e-05
1763,4096.62511,-0.00016
1764,4094.69638,-0.00035
1765,4092.76765,-0.00035
1766,4090.83892,-0.0002
1767,4088.91019,-2e-05
1768,4086.98145,0.00013
1769,4085.05272,0.00018
1770,4083.12399,0.00018
1771,4081.19526,0.0002
1772,4079.26653,0.00024
1773,4077.3378,0.00026
1774,4075.40907,0.00032
1775,4073.48034,0.00044
1776,4071.5516,0.00052
1777,4069.62287,0.00051
1778,4067.69414,0.00054
1779,4065.76541,0.00059
1780,4063.83668,0.00057
1781,4061.90795,0.00046
1782,4059.97922,0.00053
1783,4058.05049,0.00072
1784,4056.12175,0.00076
1785,4054.19302,0.00072
1786,4052.26429,0.00081
1787,4050.33556,0.0009
1788,4048.40683,0.00078
1789,4046.4781,0.00048
1790,4044.54937,0.00037
1791,4042.62064,0.00059
1792,4040.6919,0.00085
1793,4038.76317,0.00096
1794,4036.83444,0.00095
1795,4034.90571,0.00086
1796,4032.97698,0.0008
1797,4031.04825,0.00087
1798,4029.11952,0.00092
1799,4027.19079,0.00076
1800,4025.26206,0.00064
1801,4023.33332,0.0007
1802,4021.40459,0.00071
1803,4019.47586,0.00065
1804,4017.54713,0.00063
1805,4015.6184,0.00065
1806,4013.68967,0.00069
1807,4011.76094,0.00066
1808,4009.83221,0.00052
1809,4007.90347,0.00048
1810,4005.97474,0.0006
1811,4004.04601,0.00069
1812,4002.11728,0.00071
1813,4000.18855,0.00075
1814,3998.25982,0.00073
1815,3996.33109,0.0007
1816,3994.40236,0.0007
1817,3992.47362,0.00071
1818,3990.54489,0.00066
1819,3988.61616,0.00061
1820,3986.68743,0.00054
1821,3984.7587,0.00045
1822,3982.82997,0.00036
1823,3980.90124,0.00033
1824,3978.97251,0.00031
1825,3977.04377,0.00025
1826,3975.11504,0.00022
1827,3973.18631,0.00024
1828,3971.25758,0.00021
1829,3969.32885,0.00013
1830,3967.40012,9e-05
1831,3965.47139,9e-05
1832,3963.54266,1e-05
1833,3961.61392,-0.0001
1834,3959.68519,-0.0002
1835,3957.75646,-0.00029
1836,3955.82773,-0.00034
1837,3953.899,-0.00037
1838,3951.97027,-0.00047
1839,3950.04154,-0.00063
1840,3948.11281,-0.00074
1841,3946.18408,-0.00073
1842,3944.25534,-0.00081
1843,3942.32661,-0.00086
1844,3940.39788,-0.00079
1845,3938.46915,-0.00082
1846,3936.54042,-0.001
1847,3934.61169,-0.00145
1848,3932.68296,-0.0019
1849,3930.75423,-0.0019
1850,3928.82549,-0.00173
1851,3926.89676,-0.00179
1852,3924.96803,-0.00184
1853,3923.0393,-0.00173
1854,3921.11057,-0.00185
1855,3919.18184,-0.00229
1856,3917.25311,-0.00264
1857,3915.32438,-0.00266
1858,3913.39564,-0.00267
1859,3911.46691,-0.00274
1860,3909.53818,-0.00258
1861,3907.60945,-0.00243
1862,3905.68072,-0.00261
1863,3903.75199,-0.00287
1864,3901.82326,-0.003
1865,3899.89453,-0.00313
1866,3897.96579,-0.00317
1867,3896.03706,-0.00331
1868,3894.10833,-0.00379
1869,3892.1796,-0.00411
1870,3890.25087,-0.00373
1871,3888.32214,-0.0037
1872,3886.39341,-0.00431
1873,3884.46468,-0.00428
1874,3882.53594,-0.00428
1875,3880.60721,-0.00467
1876,3878.67848,-0.00456
1877,3876.74975,-0.00448
1878,3874.82102,-0.00465
1879,3872.89229,-0.00474
1880,3870.96356,-0.00507
1881,3869.03483,-0.00496
1882,3867.1061,-0.00484
1883,3865.17736,-0.00542
1884,3863.24863,-0.00574
1885,3861.3199,-0.00547
1886,3859.39117,-0.00483
1887,3857.46244,-0.00443
1888,3855.53371,-0.0051
1889,3853.60498,-0.00573
1890,3851.67625,-0.00521
1891,3849.74751,-0.00516
1892,3847.81878,-0.00579
1893,3845.89005,-0.00617
1894,3843.96132,-0.00606
1895,3842.03259,-0.00576
1896,3840.10386,-0.00591
1897,3838.17513,-0.00619
1898,3836.2464,-0.00593
1899,3834.31766,-0.00586
1900,3832.38893,-0.00622
1901,3830.4602,-0.00632
1902,3828.53147,-0.00623
1903,3826.60274,-0.006
1904,3824.67401,-0.00574
1905,3822.74528,-0.00599
1906,3820.81655,-0.00579
1907,3818.88781,-0.00538
1908,3816.95908,-0.00612
1909,3815.03035,-0.00643
1910,3813.10162,-0.00584
1911,3811.17289,-0.00559
1912,3809.24416,-0.00581
1913,3807.31543,-0.00572
1914,3805.3867,-0.00496
1915,3803.45796,-0.00504
1916,3801.52923,-0.00547
1917,3799.6005,-0.00494
1918,3797.67177,-0.00475
1919,3795.74304,-0.00492
1920,3793.81431,-0.00475
1921,3791.88558,-0.0047
1922,3789.95685,-0.00473
1923,3788.02812,-0.00465
1924,3786.09938,-0.00447
1925,3784.17065,-0.00417
1926,3782.24192,-0.004
1927,3780.31319,-0.00406
1928,3778.38446,-0.00386
1929,3776.45573,-0.00347
1930,3774.527,-0.00325
1931,3772.59827,-0.00325
1932,3770.66953,-0.00336
1933,3768.7408,-0.00322
1934,3766.81207,-0.00312
1935,3764.88334,-0.00304
1936,3762.95461,-0.00295
1937,3761.02588,-0.00315
1938,3759.09715,-0.00303
1939,3757.16842,-0.00231
1940,3755.23968,-0.00168
1941,3753.31095,-0.00164
1942,3751.38222,-0.00149
1943,3749.45349,-0.00045
1944,3747.52476,0.00012
1945,3745.59603,-0.00069
1946,3743.6673,-0.0003
1947,3741.73857,0.00131
1948,3739.80983,0.00184
1949,3737.8811,0.00177
1950,3735.95237,0.00225
1951,3734.02364,0.00324
1952,3732.09491,0.0042
1953,3730.16618,0.00511
1954,3728.23745,0.00566
1955,3726.30872,0.00626
1956,3724.37998,0.00748
1957,3722.45125,0.00886
1958,3720.52252,0.01025
1959,3718.59379,0.01181
1960,3716.66506,0.01351
1961,3714.73633,0.01495
1962,3712.8076,0.01625
1963,3710.87887,0.01819
1964,3708.95014,0.02052
1965,3707.0214,0.02265
1966,3705.09267,0.02459
1967,3703.16394,0.02655
1968,3701.23521,0.02895
1969,3699.30648,0.03158
1970,3697.37775,0.03401
1971,3695.44902,0.03657
1972,3693.52029,0.03918
1973,3691.59155,0.04152
1974,3689.66282,0.04395
1975,3687.73409,0.04717
1976,3685.80536,0.05062
1977,3683.87663,0.05366
1978,3681.9479,0.05689
1979,3680.01917,0.06061
1980,3678.09044,0.0642
1981,3676.1617,0.06804
1982,3674.23297,0.07272
1983,3672.30424,0.07633
1984,3670.37551,0.07906
1985,3668.44678,0.08296
1986,3666.51805,0.08681
1987,3664.58932,0.08991
1988,3662.66059,0.09317
1989,3660.73185,0.09663
1990,3658.80312,0.09974
1991,3656.87439,0.10282
1992,3654.94566,0.10655
1993,3653.01693,0.10974
1994,3651.0882,0.11187
1995,3649.15947,0.11456
1996,3647.23074,0.11807
1997,3645.302,0.1211
1998,3643.37327,0.12346
1999,3641.44454,0.12588
2000,3639.51581,0.12855
2001,3637.58708,0.13113
2002,3635.65835,0.13364
2003,3633.72962,0.13627
2004,3631.80089,0.13841
2005,3629.87216,0.14001
2006,3627.94342,0.14259
2007,3626.01469,0.14551
2008,3624.08596,0.14747
2009,3622.15723,0.14895
2010,3620.2285,0.15067
2011,3618.29977,0.15291
2012,3616.37104,0.15487
2013,3614.44231,0.15619
2014,3612.51357,0.15756
2015,3610.58484,0.15902
2016,3608.65611,0.16061
2017,3606.72738,0.16269
2018,3604.79865,0.16474
2019,3602.86992,0.16634
2020,3600.94119,0.16785
2021,3599.01246,0.16947
2022,3597.08372,0.17101
2023,3595.15499,0.17254
2024,3593.22626,0.17424
2025,3591.29753,0.17567
2026,3589.3688,0.17658
2027,3587.44007,0.1778
2028,3585.51134,0.17965
2029,3583.58261,0.18134
2030,3581.65387,0.1827
2031,3579.72514,0.18411
2032,3577.79641,0.18557
2033,3575.86768,0.18695
2034,3573.93895,0.18827
2035,3572.01022,0.18954
2036,3570.08149,0.19051
2037,3568.15276,0.19143
2038,3566.22402,0.19302
2039,3564.29529,0.1948
2040,3562.36656,0.19606
2041,3560.43783,0.19715
2042,3558.5091,0.19834
2043,3556.58037,0.19955
2044,3554.65164,0.20079
2045,3552.72291,0.20218
2046,3550.79418,0.20361
2047,3548.86544,0.20468
2048,3546.93671,0.2055
2049,3545.00798,0.20654
2050,3543.07925,0.20772
2051,3541.15052,0.20878
2052,3539.22179,0.20973
2053,3537.29306,0.21062
2054,3535.36433,0.21155
2055,3533.43559,0.21263
2056,3531.50686,0.21368
2057,3529.57813,0.21461
2058,3527.6494,0.21552
2059,3525.72067,0.21654
2060,3523.79194,0.21764
2061,3521.86321,0.2187
2062,3519.93448,0.21954
2063,3518.00574,0.2202
2064,3516.07701,0.22093
2065,3514.14828,0.22177
2066,3512.21955,0.22257
2067,3510.29082,0.22328
2068,3508.36209,0.22409
2069,3506.43336,0.22493
2070,3504.50463,0.22569
2071,3502.57589,0.22658
2072,3500.64716,0.22755
2073,3498.71843,0.22835
2074,3496.7897,0.22908
2075,3494.86097,0.22985
2076,3492.93224,0.23051
2077,3491.00351,0.23107
2078,3489.07478,0.23174
2079,3487.14604,0.23247
2080,3485.21731,0.23313
2081,3483.28858,0.23373
2082,3481.35985,0.23439
2083,3479.43112,0.23505
2084,3477.50239,0.23552
2085,3475.57366,0.23601
2086,3473.64493,0.23669
2087,3471.7162,0.23741
2088,3469.78746,0.23809
2089,3467.85873,0.23878
2090,3465.93,0.23935
2091,3464.00127,0.23969
2092,3462.07254,0.2399
2093,3460.14381,0.24022
2094,3458.21508,0.24073
2095,3456.28635,0.24134
2096,3454.35761,0.242
2097,3452.42888,0.24265
2098,3450.50015,0.24318
2099,3448.57142,0.24357
2100,3446.64269,0.24402
2101,3444.71396,0.24451
2102,3442.78523,0.24485
2103,3440.8565,0.24515
2104,3438.92776,0.24545
2105,3436.99903,0.24581
2106,3435.0703,0.24629
2107,3433.14157,0.24673
2108,3431.21284,0.2471
2109,3429.28411,0.24749
2110,3427.35538,0.24792
2111,3425.42665,0.24838
2112,3423.49791,0.24883
2113,3421.56918,0.24927
2114,3419.64045,0.24973
2115,3417.71172,0.2501
2116,3415.78299,0.25037
2117,3413.85426,0.25063
2118,3411.92553,0.25083
2119,3409.9968,0.25107
2120,3408.06806,0.2515
2121,3406.13933,0.25204
2122,3404.2106,0.25247
2123,3402.28187,0.25285
2124,3400.35314,0.25314
2125,3398.42441,0.25288
2126,3396.49568,0.25295
2127,3394.56695,0.25311
2128,3392.63822,0.25334
2129,3390.70948,0.25374
2130,3388.78075,0.25424
2131,3386.85202,0.25468
2132,3384.92329,0.25496
2133,3382.99456,0.25506
2134,3381.06583,0.25521
2135,3379.1371,0.25556
2136,3377.20837,0.25588
2137,3375.27963,0.25597
2138,3373.3509,0.25608
2139,3371.42217,0.25643
2140,3369.49344,0.25677
2141,3367.56471,0.25688
2142,3365.63598,0.25693
2143,3363.70725,0.25707
2144,3361.77852,0.25724
2145,3359.84978,0.25748
2146,3357.92105,0.25779
2147,3355.99232,0.25802
2148,3354.06359,0.25812
2149,3352.13486,0.25808
2150,3350.20613,0.25796
2151,3348.2774,0.25796
2152,3346.34867,0.25815
2153,3344.41993,0.2583
2154,3342.4912,0.25839
2155,3340.56247,0.25848
2156,3338.63374,0.25842
2157,3336.70501,0.25824
2158,3334.77628,0.25811
2159,3332.84755,0.25806
2160,3330.91882,0.25811
2161,3328.99008,0.2583
2162,3327.06135,0.2585
2163,3325.13262,0.25845
2164,3323.20389,0.2582
2165,3321.27516,0.258
2166,3319.34643,0.25787
2167,3317.4177,0.25773
2168,3315.48897,0.25767
2169,3313.56024,0.25769
2170,3311.6315,0.25776
2171,3309.70277,0.25781
2172,3307.77404,0.2578
2173,3305.84531,0.25774
2174,3303.91658,0.25771
2175,3301.98785,0.25772
2176,3300.05912,0.2577
2177,3298.13039,0.25761
2178,3296.20165,0.25741
2179,3294.27292,0.25712
2180,3292.34419,0.25678
2181,3290.41546,0.25643
2182,3288.48673,0.25605
2183,3286.558,0.25563
2184,3284.62927,0.25524
2185,3282.70054,0.25496
2186,3280.7718,0.25479
2187,3278.84307,0.25464
2188,3276.91434,0.25439
2189,3274.98561,0.25398
2190,3273.05688,0.25353
2191,3271.12815,0.25324
2192,3269.19942,0.25302
2193,3267.27069,0.2527
2194,3265.34195,0.2522
2195,3263.41322,0.25166
2196,3261.48449,0.25118
2197,3259.55576,0.25071
2198,3257.62703,0.25019
2199,3255.6983,0.24967
2200,3253.76957,0.24916
2201,3251.84084,0.24869
2202,3249.9121,0.24827
2203,3247.98337,0.24776
2204,3246.05464,0.24718
2205,3244.12591,0.2467
2206,3242.19718,0.24625
2207,3240.26845,0.24569
2208,3238.33972,0.24517
2209,3236.41099,0.24473
2210,3234.48226,0.24428
2211,3232.55352,0.24375
2212,3230.62479,0.24312
2213,3228.69606,0.24256
2214,3226.76733,0.24218
2215,3224.8386,0.24183
2216,3222.90987,0.24133
2217,3220.98114,0.2407
2218,3219.05241,0.24007
2219,3217.12367,0.23949
2220,3215.19494,0.2389
2221,3213.26621,0.23832
2222,3211.33748,0.23774
2223,3209.40875,0.23716
2224,3207.48002,0.23662
2225,3205.55129,0.23608
2226,3203.62256,0.2355
2227,3201.69382,0.23488
2228,3199.76509,0.23422
2229,3197.83636,0.23355
2230,3195.90763,0.23284
2231,3193.9789,0.23216
2232,3192.05017,0.23155
2233,3190.12144,0.23093
2234,3188.19271,0.23021
2235,3186.26397,0.22938
2236,3184.33524,0.22855
2237,3182.40651,0.22776
2238,3180.47778,0.22703
2239,3178.54905,0.2264
2240,3176.62032,0.22583
2241,3174.69159,0.22522
2242,3172.76286,0.22455
2243,3170.83412,0.22381
2244,3168.90539,0.22298
2245,3166.97666,0.22219
2246,3165.04793,0.22153
2247,3163.1192,0.22092
2248,3161.19047,0.22021
2249,3159.26174,0.21944
2250,3157.33301,0.21872
2251,3155.40428,0.21803
2252,3153.47554,0.21729
2253,3151.54681,0.21653
2254,3149.61808,0.21572
2255,3147.68935,0.21484
2256,3145.76062,0.21401
2257,3143.83189,0.21337
2258,3141.90316,0.2128
2259,3139.97443,0.21217
2260,3138.04569,0.21146
2261,3136.11696,0.21069
2262,3134.18823,0.20993
2263,3132.2595,0.20916
2264,3130.33077,0.20831
2265,3128.40204,0.20747
2266,3126.47331,0.20672
2267,3124.54458,0.20596
2268,3122.61584,0.20517
2269,3120.68711,0.20449
2270,3118.75838,0.20391
2271,3116.82965,0.20338
2272,3114.90092,0.20285
2273,3112.97219,0.20229
2274,3111.04346,0.20168
2275,3109.11473,0.201
2276,3107.18599,0.20027
2277,3105.25726,0.1996
2278,3103.32853,0.19902
2279,3101.3998,0.19845
2280,3099.47107,0.19778
2281,3097.54234,0.19695
2282,3095.61361,0.19612
2283,3093.68488,0.19552
2284,3091.75614,0.19498
2285,3089.82741,0.19436
2286,3087.89868,0.19376
2287,3085.96995,0.19316
2288,3084.04122,0.19252
2289,3082.11249,0.19184
2290,3080.18376,0.1911
2291,3078.25503,0.1903
2292,3076.3263,0.18951
2293,3074.39756,0.18872
2294,3072.46883,0.18792
2295,3070.5401,0.18719
2296,3068.61137,0.18647
2297,3066.68264,0.18567
2298,3064.75391,0.1848
2299,3062.82518,0.18396
2300,3060.89645,0.18319
2301,3058.96771,0.18243
2302,3057.03898,0.18165
2303,3055.11025,0.18088
2304,3053.18152,0.18009
2305,3051.25279,0.17917
2306,3049.32406,0.17817
2307,3047.39533,0.17728
2308,3045.4666,0.17655
2309,3043.53786,0.17585
2310,3041.60913,0.17504
2311,3039.6804,0.17416
2312,3037.75167,0.17329
2313,3035.82294,0.17251
2314,3033.89421,0.17176
2315,3031.96548,0.17094
2316,3030.03675,0.17005
2317,3028.10801,0.16924
2318,3026.17928,0.16856
2319,3024.25055,0.16789
2320,3022.32182,0.16719
2321,3020.39309,0.16646
2322,3018.46436,0.16571
2323,3016.53563,0.16494
2324,3014.6069,0.16423
2325,3012.67816,0.16356
2326,3010.74943,0.16287
2327,3008.8207,0.16217
2328,3006.89197,0.16157
2329,3004.96324,0.1611
2330,3003.03451,0.16063
2331,3001.10578,0.16018
2332,2999.17705,0.15992
2333,2997.24832,0.15961
2334,2995.31958,0.15912
2335,2993.39085,0.15864
2336,2991.46212,0.15831
2337,2989.53339,0.1581
2338,2987.60466,0.15796
2339,2985.67593,0.15792
2340,2983.7472,0.15794
2341,2981.81847,0.15791
2342,2979.88973,0.15777
2343,2977.961,0.15765
2344,2976.03227,0.1576
2345,2974.10354,0.15747
2346,2972.17481,0.15722
2347,2970.24608,0.15699
2348,2968.31735,0.15696
2349,2966.38862,0.15705
2350,2964.45988,0.15705
2351,2962.53115,0.15699
2352,2960.60242,0.15699
2353,2958.67369,0.15705
2354,2956.74496,0.15717
2355,2954.81623,0.15732
2356,2952.8875,0.15741
2357,2950.95877,0.15742
2358,2949.03003,0.15753
2359,2947.1013,0.15785
2360,2945.17257,0.1582
2361,2943.24384,0.15849
2362,2941.31511,0.15879
2363,2939.38638,0.15917
2364,2937.45765,0.15963
2365,2935.52892,0.16014
2366,2933.60018,0.1606
2367,2931.67145,0.16095
2368,2929.74272,0.16114
2369,2927.81399,0.16118
2370,2925.88526,0.16107
2371,2923.95653,0.16071
2372,2922.0278,0.15996
2373,2920.09907,0.15892
2374,2918.17034,0.15763
2375,2916.2416,0.15577
2376,2914.31287,0.15319
2377,2912.38414,0.15024
2378,2910.45541,0.14752
2379,2908.52668,0.14532
2380,2906.59795,0.14354
2381,2904.66922,0.14195
2382,2902.74049,0.1404
2383,2900.81175,0.13891
2384,2898.88302,0.13757
2385,2896.95429,0.13632
2386,2895.02556,0.13507
2387,2893.09683,0.1338
2388,2891.1681,0.13254
2389,2889.23937,0.13134
2390,2887.31064,0.1302
2391,2885.3819,0.12914
2392,2883.45317,0.12812
2393,2881.52444,0.1271
2394,2879.59571,0.12613
2395,2877.66698,0.1253
2396,2875.73825,0.12466
2397,2873.80952,0.12413
2398,2871.88079,0.12352
2399,2869.95205,0.12275
2400,2868.02332,0.12198
2401,2866.09459,0.12139
2402,2864.16586,0.12104
2403,2862.23713,0.12092
2404,2860.3084,0.12096
2405,2858.37967,0.12122
2406,2856.45094,0.12185
2407,2854.5222,0.12283
2408,2852.59347,0.12356
2409,2850.66474,0.12307
2410,2848.73601,0.12075
2411,2846.80728,0.11709
2412,2844.87855,0.11319
2413,2842.94982,0.10983
2414,2841.02109,0.10716
2415,2839.09236,0.10499
2416,2837.16362,0.10307
2417,2835.23489,0.10134
2418,2833.30616,0.09983
2419,2831.37743,0.0985
2420,2829.4487,0.09723
2421,2827.51997,0.09599
2422,2825.59124,0.09487
2423,2823.66251,0.09386
2424,2821.73377,0.09291
2425,2819.80504,0.09203
2426,2817.87631,0.09121
2427,2815.94758,0.09037
2428,2814.01885,0.08948
2429,2812.09012,0.08861
2430,2810.16139,0.0878
2431,2808.23266,0.08693
2432,2806.30392,0.08607
2433,2804.37519,0.08529
2434,2802.44646,0.08452
2435,2800.51773,0.08372
2436,2798.589,0.08292
2437,2796.66027,0.08214
2438,2794.73154,0.08139
2439,2792.80281,0.08069
2440,2790.87407,0.08
2441,2788.94534,0.07926
2442,2787.01661,0.07847
2443,2785.08788,0.07773
2444,2783.15915,0.07706
2445,2781.23042,0.07642
2446,2779.30169,0.07578
2447,2777.37296,0.07512
2448,2775.44422,0.07446
2449,2773.51549,0.0738
2450,2771.58676,0.07309
2451,2769.65803,0.07233
2452,2767.7293,0.0716
2453,2765.80057,0.07101
2454,2763.87184,0.07047
2455,2761.94311,0.06983
2456,2760.01438,0.06914
2457,2758.08564,0.06851
2458,2756.15691,0.06793
2459,2754.22818,0.06732
2460,2752.29945,0.0667
2461,2750.37072,0.06611
2462,2748.44199,0.06554
2463,2746.51326,0.06492
2464,2744.58453,0.06424
2465,2742.65579,0.0636
2466,2740.72706,0.06303
2467,2738.79833,0.06247
2468,2736.8696,0.06188
2469,2734.94087,0.06129
2470,2733.01214,0.0607
2471,2731.08341,0.06017
2472,2729.15468,0.05967
2473,2727.22594,0.05918
2474,2725.29721,0.05861
2475,2723.36848,0.058
2476,2721.43975,0.05737
2477,2719.51102,0.05672
2478,2717.58229,0.05607
2479,2715.65356,0.05553
2480,2713.72483,0.05503
2481,2711.79609,0.05449
2482,2709.86736,0.05389
2483,2707.93863,0.05331
2484,2706.0099,0.05276
2485,2704.08117,0.0522
2486,2702.15244,0.05163
2487,2700.22371,0.05107
2488,2698.29498,0.05056
2489,2696.36624,0.05005
2490,2694.43751,0.04951
2491,2692.50878,0.04898
2492,2690.58005,0.0485
2493,2688.65132,0.04803
2494,2686.72259,0.04752
2495,2684.79386,0.04704
2496,2682.86513,0.04658
2497,2680.9364,0.04609
2498,2679.00766,0.0456
2499,2677.07893,0.04513
2500,2675.1502,0.04468
2501,2673.22147,0.04423
2502,2671.29274,0.04374
2503,2669.36401,0.04321
2504,2667.43528,0.04267
2505,2665.50655,0.04218
2506,2663.57781,0.04172
2507,2661.64908,0.04127
2508,2659.72035,0.04086
2509,2657.79162,0.04044
2510,2655.86289,0.03997
2511,2653.93416,0.03951
2512,2652.00543,0.03912
2513,2650.0767,0.0387
2514,2648.14796,0.0382
2515,2646.21923,0.03771
2516,2644.2905,0.03733
2517,2642.36177,0.03699
2518,2640.43304,0.03655
2519,2638.50431,0.03602
2520,2636.57558,0.03556
2521,2634.64685,0.03519
2522,2632.71811,0.03483
2523,2630.78938,0.03443
2524,2628.86065,0.03401
2525,2626.93192,0.03365
2526,2625.00319,0.03332
2527,2623.07446,0.03291
2528,2621.14573,0.03245
2529,2619.217,0.03205
2530,2617.28826,0.03167
2531,2615.35953,0.03124
2532,2613.4308,0.03082
2533,2611.50207,0.03048
2534,2609.57334,0.03017
2535,2607.64461,0.02978
2536,2605.71588,0.02934
2537,2603.78715,0.02893
2538,2601.85842,0.02858
2539,2599.92968,0.02822
2540,2598.00095,0.02785
2541,2596.07222,0.0275
2542,2594.14349,0.02719
2543,2592.21476,0.02689
2544,2590.28603,0.02652
2545,2588.3573,0.02614
2546,2586.42857,0.0258
2547,2584.49983,0.0255
2548,2582.5711,0.02521
2549,2580.64237,0.02489
2550,2578.71364,0.02452
2551,2576.78491,0.02419
2552,2574.85618,0.02393
2553,2572.92745,0.02368
2554,2570.99872,0.02338
2555,2569.06998,0.02305
2556,2567.14125,0.02276
2557,2565.21252,0.02246
2558,2563.28379,0.02214
2559,2561.35506,0.02185
2560,2559.42633,0.02153
2561,2557.4976,0.02118
2562,2555.56887,0.02085
2563,2553.64013,0.02061
2564,2551.7114,0.02036
2565,2549.78267,0.02012
2566,2547.85394,0.01992
2567,2545.92521,0.01974
2568,2543.99648,0.01952
2569,2542.06775,0.01929
2570,2540.13902,0.01906
2571,2538.21028,0.01887
2572,2536.28155,0.01868
2573,2534.35282,0.01846
2574,2532.42409,0.01823
2575,2530.49536,0.01802
2576,2528.56663,0.01781
2577,2526.6379,0.01761
2578,2524.70917,0.01742
2579,2522.78044,0.01718
2580,2520.8517,0.01691
2581,2518.92297,0.01673
2582,2516.99424,0.01658
2583,2515.06551,0.01635
2584,2513.13678,0.01609
2585,2511.20805,0.01588
2586,2509.27932,0.01571
2587,2507.35059,0.01548
2588,2505.42185,0.01521
2589,2503.49312,0.01498
2590,2501.56439,0.01479
2591,2499.63566,0.01461
2592,2497.70693,0.01441
2593,2495.7782,0.01416
2594,2493.84947,0.01391
2595,2491.92074,0.01368
2596,2489.992,0.01347
2597,2488.06327,0.01328
2598,2486.13454,0.01309
2599,2484.20581,0.01295
2600,2482.27708,0.01284
2601,2480.34835,0.01264
2602,2478.41962,0.01233
2603,2476.49089,0.01205
2604,2474.56215,0.01182
2605,2472.63342,0.01159
2606,2470.70469,0.01138
2607,2468.77596,0.01122
2608,2466.84723,0.01103
2609,2464.9185,0.01079
2610,2462.98977,0.01053
2611,2461.06104,0.01028
2612,2459.1323,0.01007
2613,2457.20357,0.00985
2614,2455.27484,0.00961
2615,2453.34611,0.00938
2616,2451.41738,0.00912
2617,2449.48865,0.00886
2618,2447.55992,0.00863
2619,2445.63119,0.00842
2620,2443.70246,0.00815
2621,2441.77372,0.00789
2622,2439.84499,0.00776
2623,2437.91626,0.00766
2624,2435.98753,0.00756
2625,2434.0588,0.00742
2626,2432.13007,0.00724
2627,2430.20134,0.00702
2628,2428.27261,0.0068
2629,2426.34387,0.00664
2630,2424.41514,0.00651
2631,2422.48641,0.00638
2632,2420.55768,0.00622
2633,2418.62895,0.00611
2634,2416.70022,0.00603
2635,2414.77149,0.00587
2636,2412.84276,0.00566
2637,2410.91402,0.00547
2638,2408.98529,0.00531
2639,2407.05656,0.00513
2640,2405.12783,0.00496
2641,2403.1991,0.00483
2642,2401.27037,0.00474
2643,2399.34164,0.00464
2644,2397.41291,0.0045
2645,2395.48417,0.00435
2646,2393.55544,0.00422
2647,2391.62671,0.0041
2648,2389.69798,0.00399
2649,2387.76925,0.0039
2650,2385.84052,0.00382
2651,2383.91179,0.00378
2652,2381.98306,0.00381
2653,2380.05432,0.00386
2654,2378.12559,0.00387
2655,2376.19686,0.00379
2656,2374.26813,0.00365
2657,2372.3394,0.00361
2658,2370.41067,0.00368
2659,2368.48194,0.00376
2660,2366.55321,0.00376
2661,2364.62448,0.00362
2662,2362.69574,0.00339
2663,2360.76701,0.00317
2664,2358.83828,0.00294
2665,2356.90955,0.0027
2666,2354.98082,0.00252
2667,2353.05209,0.00249
2668,2351.12336,0.00263
2669,2349.19463,0.00269
2670,2347.26589,0.00248
2671,2345.33716,0.00226
2672,2343.40843,0.00219
2673,2341.4797,0.00217
2674,2339.55097,0.00215
2675,2337.62224,0.00204
2676,2335.69351,0.00185
2677,2333.76478,0.00176
2678,2331.83604,0.00177
2679,2329.90731,0.00167
2680,2327.97858,0.00147
2681,2326.04985,0.00128
2682,2324.12112,0.00111
2683,2322.19239,0.00102
2684,2320.26366,0.00102
2685,2318.33493,0.00104
2686,2316.40619,0.00098
2687,2314.47746,0.00085
2688,2312.54873,0.00072
2689,2310.62,0.00065
2690,2308.69127,0.00061
2691,2306.76254,0.00057
2692,2304.83381,0.00053
2693,2302.90508,0.00049
2694,2300.97634,0.00044
2695,2299.04761,0.0004
2696,2297.11888,0.00037
2697,2295.19015,0.00031
2698,2293.26142,0.00025
2699,2291.33269,0.00024
2700,2289.40396,0.00023
2701,2287.47523,0.00018
2702,2285.5465,0.00011
2703,2283.61776,9e-05
2704,2281.68903,9e-05
2705,2279.7603,5e-05
2706,2277.83157,2e-05
2707,2275.90284,5e-05
2708,2273.97411,8e-05
2709,2272.04538,4e-05
2710,2270.11665,-3e-05
2711,2268.18791,-8e-05
2712,2266.25918,-8e-05
2713,2264.33045,-3e-05
2714,2262.40172,2e-05
2715,2260.47299,5e-05
2716,2258.54426,4e-05
2717,2256.61553,-2e-05
2718,2254.6868,-7e-05
2719,2252.75806,-7e-05
2720,2250.82933,-7e-05
2721,2248.9006,-0.00015
2722,2246.97187,-0.00016
2723,2245.04314,-0.00019
2724,2243.11441,-0.0002
2725,2241.18568,-0.00018
2726,2239.25695,-0.00013
2727,2237.32821,-7e-05
2728,2235.39948,-5e-05
2729,2233.47075,-7e-05
2730,2231.54202,-9e-05
2731,2229.61329,-0.0001
2732,2227.68456,-0.0001
2733,2225.75583,-0.0001
2734,2223.8271,-5e-05
2735,2221.89836,-0.0
2736,2219.96963,-5e-05
2737,2218.0409,-0.00011
2738,2216.11217,-0.00017
2739,2214.18344,-0.00025
2740,2212.25471,-0.00032
2741,2210.32598,-0.00037
2742,2208.39725,-0.00042
2743,2206.46852,-0.00049
2744,2204.53978,-0.00057
2745,2202.61105,-0.00065
2746,2200.68232,-0.0007
2747,2198.75359,-0.00075
2748,2196.82486,-0.00082
2749,2194.89613,-0.00091
2750,2192.9674,-0.00099
2751,2191.03867,-0.00104
2752,2189.10993,-0.00105
2753,2187.1812,-0.00107
2754,2185.25247,-0.00109
2755,2183.32374,-0.0011
2756,2181.39501,-0.00112
2757,2179.46628,-0.00114
2758,2177.53755,-0.00116
2759,2175.60882,-0.00119
2760,2173.68008,-0.00121
2761,2171.75135,-0.00125
2762,2169.82262,-0.00129
2763,2167.89389,-0.00131
2764,2165.96516,-0.00132
2765,2164.03643,-0.00136
2766,2162.1077,-0.00135
2767,2160.17897,-0.00132
2768,2158.25023,-0.00132
2769,2156.3215,-0.00133
2770,2154.39277,-0.00134
2771,2152.46404,-0.00136
2772,2150.53531,-0.00139
2773,2148.60658,-0.00147
2774,2146.67785,-0.00157
2775,2144.74912,-0.00165
2776,2142.82038,-0.00167
2777,2140.89165,-0.0017
2778,2138.96292,-0.00177
2779,2137.03419,-0.00184
2780,2135.10546,-0.00183
2781,2133.17673,-0.00179
2782,2131.248,-0.00178
2783,2129.31927,-0.0018
2784,2127.39054,-0.00185
2785,2125.4618,-0.00192
2786,2123.53307,-0.00201
2787,2121.60434,-0.0021
2788,2119.67561,-0.00214
2789,2117.74688,-0.00214
2790,2115.81815,-0.00212
2791,2113.88942,-0.00206
2792,2111.96069,-0.00205
2793,2110.03195,-0.00214
2794,2108.10322,-0.00223
2795,2106.17449,-0.00232
2796,2104.24576,-0.00242
2797,2102.31703,-0.00245
2798,2100.3883,-0.0024
2799,2098.45957,-0.00241
2800,2096.53084,-0.00246
2801,2094.6021,-0.00251
2802,2092.67337,-0.00257
2803,2090.74464,-0.00263
2804,2088.81591,-0.00268
2805,2086.88718,-0.00271
2806,2084.95845,-0.00274
2807,2083.02972,-0.00274
2808,2081.10099,-0.00273
2809,2079.17225,-0.00276
2810,2077.24352,-0.00282
2811,2075.31479,-0.00284
2812,2073.38606,-0.00285
2813,2071.45733,-0.00287
2814,2069.5286,-0.00289
2815,2067.59987,-0.00292
2816,2065.67114,-0.00293
2817,2063.7424,-0.00286
2818,2061.81367,-0.0028
2819,2059.88494,-0.00279
2820,2057.95621,-0.00277
2821,2056.02748,-0.00271
2822,2054.09875,-0.00262
2823,2052.17002,-0.00252
2824,2050.24129,-0.0024
2825,2048.31256,-0.00225
2826,2046.38382,-0.00211
2827,2044.45509,-0.002
2828,2042.52636,-0.00191
2829,2040.59763,-0.00183
2830,2038.6689,-0.00174
2831,2036.74017,-0.0016
2832,2034.81144,-0.00139
2833,2032.88271,-0.00122
2834,2030.95397,-0.00114
2835,2029.02524,-0.0011
2836,2027.09651,-0.00107
2837,2025.16778,-0.00104
2838,2023.23905,-0.00098
2839,2021.31032,-0.00088
2840,2019.38159,-0.00074
2841,2017.45286,-0.0006
2842,2015.52412,-0.00046
2843,2013.59539,-0.00037
2844,2011.66666,-0.0003
2845,2009.73793,-0.00024
2846,2007.8092,-0.00018
2847,2005.88047,-0.0001
2848,2003.95174,-3e-05
2849,2002.02301,1e-05
2850,2000.09427,-0.0
2851,1998.16554,0.0
2852,1996.23681,5e-05
2853,1994.30808,4e-05
2854,1992.37935,-5e-05
2855,1990.45062,-0.00011
2856,1988.52189,-0.0002
2857,1986.59316,-0.00029
2858,1984.66442,-0.00034
2859,1982.73569,-0.00043
2860,1980.80696,-0.00049
2861,1978.87823,-0.00051
2862,1976.9495,-0.00056
2863,1975.02077,-0.00063
2864,1973.09204,-0.0007
2865,1971.16331,-0.00078
2866,1969.23458,-0.00093
2867,1967.30584,-0.00108
2868,1965.37711,-0.00115
2869,1963.44838,-0.00129
2870,1961.51965,-0.00149
2871,1959.59092,-0.00162
2872,1957.66219,-0.00168
2873,1955.73346,-0.00174
2874,1953.80473,-0.00184
2875,1951.87599,-0.002
2876,1949.94726,-0.00219
2877,1948.01853,-0.0023
2878,1946.0898,-0.00233
2879,1944.16107,-0.00245
2880,1942.23234,-0.00253
2881,1940.30361,-0.00244
2882,1938.37488,-0.00249
2883,1936.44614,-0.00264
2884,1934.51741,-0.00275
2885,1932.58868,-0.0028
2886,1930.65995,-0.00278
2887,1928.73122,-0.0027
2888,1926.80249,-0.00262
2889,1924.87376,-0.00263
2890,1922.94503,-0.00259
2891,1921.01629,-0.00241
2892,1919.08756,-0.00243
2893,1917.15883,-0.0023
2894,1915.2301,-0.00192
2895,1913.30137,-0.00167
2896,1911.37264,-0.00143
2897,1909.44391,-0.00109
2898,1907.51518,-0.00067
2899,1905.58644,-0.00028
2900,1903.65771,6e-05
2901,1901.72898,0.00037
2902,1899.80025,0.00063
2903,1897.87152,0.00095
2904,1895.94279,0.00128
2905,1894.01406,0.0017
2906,1892.08533,0.00207
2907,1890.1566,0.00227
2908,1888.22786,0.0026
2909,1886.29913,0.00291
2910,1884.3704,0.00305
2911,1882.44167,0.00323
2912,1880.51294,0.00343
2913,1878.58421,0.00357
2914,1876.65548,0.00365
2915,1874.72675,0.00376
2916,1872.79801,0.00391
2917,1870.86928,0.00377
2918,1868.94055,0.00351
2919,1867.01182,0.00354
2920,1865.08309,0.0035
2921,1863.15436,0.00322
2922,1861.22563,0.00289
2923,1859.2969,0.00257
2924,1857.36816,0.00227
2925,1855.43943,0.00192
2926,1853.5107,0.00156
2927,1851.58197,0.00125
2928,1849.65324,0.00106
2929,1847.72451,0.00091
2930,1845.79578,0.00037
2931,1843.86705,-0.00011
2932,1841.93831,-0.0001
2933,1840.00958,-0.00026
2934,1838.08085,-0.00059
2935,1836.15212,-0.00064
2936,1834.22339,-0.00047
2937,1832.29466,-0.00044
2938,1830.36593,-0.0005
2939,1828.4372,-0.00033
2940,1826.50846,-0.00029
2941,1824.57973,-0.00027
2942,1822.651,4e-05
2943,1820.72227,0.0003
2944,1818.79354,0.00038
2945,1816.86481,0.00043
2946,1814.93608,0.00062
2947,1813.00735,0.00079
2948,1811.07862,0.00093
2949,1809.14988,0.00122
2950,1807.22115,0.0016
2951,1805.29242,0.00193
2952,1803.36369,0.00209
2953,1801.43496,0.00234
2954,1799.50623,0.0031
2955,1797.5775,0.00416
2956,1795.64877,0.00498
2957,1793.72003,0.00548
2958,1791.7913,0.00626
2959,1789.86257,0.00742
2960,1787.93384,0.0082
2961,1786.00511,0.00877
2962,1784.07638,0.00981
2963,1782.14765,0.01112
2964,1780.21892,0.01237
2965,1778.29018,0.0137
2966,1776.36145,0.01503
2967,1774.43272,0.01611
2968,1772.50399,0.01717
2969,1770.57526,0.01837
2970,1768.64653,0.01928
2971,1766.7178,0.02034
2972,1764.78907,0.02161
2973,1762.86033,0.02259
2974,1760.9316,0.02382
2975,1759.00287,0.02515
2976,1757.07414,0.0264
2977,1755.14541,0.02803
2978,1753.21668,0.02957
2979,1751.28795,0.03103
2980,1749.35922,0.03298
2981,1747.43048,0.035
2982,1745.50175,0.03688
2983,1743.57302,0.03886
2984,1741.64429,0.04102
2985,1739.71556,0.04354
2986,1737.78683,0.04623
2987,1735.8581,0.04801
2988,1733.92937,0.04965
2989,1732.00064,0.05186
2990,1730.0719,0.05339
2991,1728.14317,0.05441
2992,1726.21444,0.05563
2993,1724.28571,0.05716
2994,1722.35698,0.05915
2995,1720.42825,0.06103
2996,1718.49952,0.06256
2997,1716.57079,0.0645
2998,1714.64205,0.06644
2999,1712.71332,0.06783
3000,1710.78459,0.06919
3001,1708.85586,0.07088
3002,1706.92713,0.073
3003,1704.9984,0.07571
3004,1703.06967,0.07836
3005,1701.14094,0.08076
3006,1699.2122,0.08417
3007,1697.28347,0.08732
3008,1695.35474,0.08977
3009,1693.42601,0.0926
3010,1691.49728,0.09511
3011,1689.56855,0.0979
3012,1687.63982,0.10111
3013,1685.71109,0.10389
3014,1683.78235,0.1072
3015,1681.85362,0.1109
3016,1679.92489,0.11352
3017,1677.99616,0.11565
3018,1676.06743,0.11814
3019,1674.1387,0.12125
3020,1672.20997,0.12394
3021,1670.28124,0.12587
3022,1668.3525,0.12825
3023,1666.42377,0.13056
3024,1664.49504,0.13194
3025,1662.56631,0.1333
3026,1660.63758,0.13523
3027,1658.70885,0.13726
3028,1656.78012,0.13887
3029,1654.85139,0.13951
3030,1652.92266,0.14056
3031,1650.99392,0.14272
3032,1649.06519,0.14309
3033,1647.13646,0.14251
3034,1645.20773,0.14318
3035,1643.279,0.14415
3036,1641.35027,0.14465
3037,1639.42154,0.14513
3038,1637.49281,0.14523
3039,1635.56407,0.14524
3040,1633.63534,0.14565
3041,1631.70661,0.14538
3042,1629.77788,0.1444
3043,1627.84915,0.14362
3044,1625.92042,0.14281
3045,1623.99169,0.14153
3046,1622.06296,0.14039
3047,1620.13422,0.13915
3048,1618.20549,0.13694
3049,1616.27676,0.13471
3050,1614.34803,0.13312
3051,1612.4193,0.13108
3052,1610.49057,0.12868
3053,1608.56184,0.12652
3054,1606.63311,0.12454
3055,1604.70437,0.1226
3056,1602.77564,0.12075
3057,1600.84691,0.11908
3058,1598.91818,0.11749
3059,1596.98945,0.11587
3060,1595.06072,0.11427
3061,1593.13199,0.11276
3062,1591.20326,0.1113
3063,1589.27452,0.10988
3064,1587.34579,0.1085
3065,1585.41706,0.10709
3066,1583.48833,0.10571
3067,1581.5596,0.10455
3068,1579.63087,0.10349
3069,1577.70214,0.10187
3070,1575.77341,0.10037
3071,1573.84468,0.09967
3072,1571.91594,0.0984
3073,1569.98721,0.0966
3074,1568.05848,0.09543
3075,1566.12975,0.09459
3076,1564.20102,0.09414
3077,1562.27229,0.0938
3078,1560.34356,0.09251
3079,1558.41483,0.09139
3080,1556.48609,0.09064
3081,1554.55736,0.0888
3082,1552.62863,0.08685
3083,1550.6999,0.08541
3084,1548.77117,0.08436
3085,1546.84244,0.0835
3086,1544.91371,0.08266
3087,1542.98498,0.08157
3088,1541.05624,0.07956
3089,1539.12751,0.07759
3090,1537.19878,0.07613
3091,1535.27005,0.07376
3092,1533.34132,0.07112
3093,1531.41259,0.06929
3094,1529.48386,0.06743
3095,1527.55513,0.06531
3096,1525.62639,0.06344
3097,1523.69766,0.06132
3098,1521.76893,0.05878
3099,1519.8402,0.05669
3100,1517.91147,0.0545
3101,1515.98274,0.05193
3102,1514.05401,0.04954
3103,1512.12528,0.04739
3104,1510.19654,0.04519
3105,1508.26781,0.0418
3106,1506.33908,0.03799
3107,1504.41035,0.03538
3108,1502.48162,0.03299
3109,1500.55289,0.03019
3110,1498.62416,0.0274
3111,1496.69543,0.02491
3112,1494.7667,0.02314
3113,1492.83796,0.02144
3114,1490.90923,0.01944
3115,1488.9805,0.01787
3116,1487.05177,0.01687
3117,1485.12304,0.01608
3118,1483.19431,0.01546
3119,1481.26558,0.01531
3120,1479.33685,0.01578
3121,1477.40811,0.01666
3122,1475.47938,0.0179
3123,1473.55065,0.01951
3124,1471.62192,0.02177
3125,1469.69319,0.02405
3126,1467.76446,0.0253
3127,1465.83573,0.02595
3128,1463.907,0.02692
3129,1461.97826,0.0281
3130,1460.04953,0.02859
3131,1458.1208,0.02854
3132,1456.19207,0.0292
3133,1454.26334,0.03016
3134,1452.33461,0.03023
3135,1450.40588,0.02993
3136,1448.47715,0.02982
3137,1446.54841,0.03
3138,1444.61968,0.03027
3139,1442.69095,0.03057
3140,1440.76222,0.03105
3141,1438.83349,0.03113
3142,1436.90476,0.03094
3143,1434.97603,0.03125
3144,1433.0473,0.03133
3145,1431.11856,0.03102
3146,1429.18983,0.03107
3147,1427.2611,0.0313
3148,1425.33237,0.0314
3149,1423.40364,0.03166
3150,1421.47491,0.03172
3151,1419.54618,0.03141
3152,1417.61745,0.03144
3153,1415.68872,0.03146
3154,1413.75998,0.031
3155,1411.83125,0.03043
3156,1409.90252,0.02998
3157,1407.97379,0.02954
3158,1406.04506,0.02899
3159,1404.11633,0.02854
3160,1402.1876,0.02815
3161,1400.25887,0.02757
3162,1398.33013,0.02712
3163,1396.4014,0.02673
3164,1394.47267,0.0263
3165,1392.54394,0.02613
3166,1390.61521,0.02583
3167,1388.68648,0.02514
3168,1386.75775,0.02455
3169,1384.82902,0.02421
3170,1382.90028,0.02393
3171,1380.97155,0.02375
3172,1379.04282,0.02361
3173,1377.11409,0.0232
3174,1375.18536,0.02235
3175,1373.25663,0.02133
3176,1371.3279,0.02022
3177,1369.39917,0.01887
3178,1367.47043,0.01758
3179,1365.5417,0.01624
3180,1363.61297,0.01463
3181,1361.68424,0.01322
3182,1359.75551,0.0122
3183,1357.82678,0.01118
3184,1355.89805,0.01005
3185,1353.96932,0.009
3186,1352.04058,0.00804
3187,1350.11185,0.0071
3188,1348.18312,0.0062
3189,1346.25439,0.00542
3190,1344.32566,0.00472
3191,1342.39693,0.00397
3192,1340.4682,0.00315
3193,1338.53947,0.00253
3194,1336.61074,0.00203
3195,1334.682,0.0014
3196,1332.75327,0.00071
3197,1330.82454,0.00012
3198,1328.89581,-0.00043
3199,1326.96708,-0.00095
3200,1325.03835,-0.00148
3201,1323.10962,-0.00198
3202,1321.18089,-0.00242
3203,1319.25215,-0.00277
3204,1317.32342,-0.00295
3205,1315.39469,-0.00293
3206,1313.46596,-0.00277
3207,1311.53723,-0.00259
3208,1309.6085,-0.00248
3209,1307.67977,-0.00231
3210,1305.75104,-0.00175
3211,1303.8223,-0.0008
3212,1301.89357,9e-05
3213,1299.96484,0.00048
3214,1298.03611,0.0006
3215,1296.10738,0.00098
3216,1294.17865,0.00159
3217,1292.24992,0.00213
3218,1290.32119,0.00254
3219,1288.39245,0.00289
3220,1286.46372,0.00328
3221,1284.53499,0.0039
3222,1282.60626,0.00486
3223,1280.67753,0.00611
3224,1278.7488,0.00759
3225,1276.82007,0.0094
3226,1274.89134,0.01156
3227,1272.9626,0.01401
3228,1271.03387,0.01688
3229,1269.10514,0.02036
3230,1267.17641,0.02447
3231,1265.24768,0.02912
3232,1263.31895,0.03433
3233,1261.39022,0.04008
3234,1259.46149,0.04643
3235,1257.53276,0.05341
3236,1255.60402,0.06096
3237,1253.67529,0.06889
3238,1251.74656,0.07693
3239,1249.81783,0.08495
3240,1247.8891,0.09269
3241,1245.96037,0.09988
3242,1244.03164,0.10646
3243,1242.10291,0.11245
3244,1240.17417,0.11782
3245,1238.24544,0.12261
3246,1236.31671,0.12693
3247,1234.38798,0.13086
3248,1232.45925,0.13439
3249,1230.53052,0.13747
3250,1228.60179,0.14018
3251,1226.67306,0.14266
3252,1224.74432,0.14496
3253,1222.81559,0.14702
3254,1220.88686,0.14888
3255,1218.95813,0.15069
3256,1217.0294,0.15253
3257,1215.10067,0.15439
3258,1213.17194,0.15618
3259,1211.24321,0.15784
3260,1209.31447,0.15946
3261,1207.38574,0.16114
3262,1205.45701,0.16276
3263,1203.52828,0.16435
3264,1201.59955,0.16615
3265,1199.67082,0.16838
3266,1197.74209,0.17096
3267,1195.81336,0.17379
3268,1193.88462,0.17643
3269,1191.95589,0.17864
3270,1190.02716,0.18046
3271,1188.09843,0.1822
3272,1186.1697,0.18403
3273,1184.24097,0.18586
3274,1182.31224,0.18757
3275,1180.38351,0.18909
3276,1178.45478,0.19037
3277,1176.52604,0.19154
3278,1174.59731,0.19286
3279,1172.66858,0.19446
3280,1170.73985,0.19614
3281,1168.81112,0.19758
3282,1166.88239,0.19889
3283,1164.95366,0.20035
3284,1163.02493,0.20196
3285,1161.09619,0.20351
3286,1159.16746,0.20487
3287,1157.23873,0.20607
3288,1155.31,0.20716
3289,1153.38127,0.20816
3290,1151.45254,0.20912
3291,1149.52381,0.2102
3292,1147.59508,0.21151
3293,1145.66634,0.21298
3294,1143.73761,0.21448
3295,1141.80888,0.21594
3296,1139.88015,0.21735
3297,1137.95142,0.21875
3298,1136.02269,0.22016
3299,1134.09396,0.22151
3300,1132.16523,0.22289
3301,1130.23649,0.22457
3302,1128.30776,0.22636
3303,1126.37903,0.22809
3304,1124.4503,0.2302
3305,1122.52157,0.23289
3306,1120.59284,0.23577
3307,1118.66411,0.23866
3308,1116.73538,0.24218
3309,1114.80664,0.24672
3310,1112.87791,0.25179
3311,1110.94918,0.25693
3312,1109.02045,0.26228
3313,1107.09172,0.26812
3314,1105.16299,0.27422
3315,1103.23426,0.27996
3316,1101.30553,0.28498
3317,1099.3768,0.2891
3318,1097.44806,0.29236
3319,1095.51933,0.29518
3320,1093.5906,0.29766
3321,1091.66187,0.29923
3322,1089.73314,0.29989
3323,1087.80441,0.30016
3324,1085.87568,0.30012
3325,1083.94695,0.29978
3326,1082.01821,0.29917
3327,1080.08948,0.29818
3328,1078.16075,0.29681
3329,1076.23202,0.29521
3330,1074.30329,0.29347
3331,1072.37456,0.29144
3332,1070.44583,0.28882
3333,1068.5171,0.28584
3334,1066.58836,0.28287
3335,1064.65963,0.27987
3336,1062.7309,0.27682
3337,1060.80217,0.27379
3338,1058.87344,0.27065
3339,1056.94471,0.26682
3340,1055.01598,0.26201
3341,1053.08725,0.25696
3342,1051.15851,0.2522
3343,1049.22978,0.24744
3344,1047.30105,0.24225
3345,1045.37232,0.2366
3346,1043.44359,0.23096
3347,1041.51486,0.22557
3348,1039.58613,0.22008
3349,1037.6574,0.21442
3350,1035.72866,0.2088
3351,1033.79993,0.20314
3352,1031.8712,0.19743
3353,1029.94247,0.19181
3354,1028.01374,0.1862
3355,1026.08501,0.18059
3356,1024.15628,0.17522
3357,1022.22755,0.17017
3358,1020.29882,0.16518
3359,1018.37008,0.16017
3360,1016.44135,0.15529
3361,1014.51262,0.15052
3362,1012.58389,0.14579
3363,1010.65516,0.14116
3364,1008.72643,0.13662
3365,1006.7977,0.13216
3366,1004.86897,0.12776
3367,1002.94023,0.12354
3368,1001.0115,0.11948
3369,999.08277,0.11534
3370,997.15404,0.11118
3371,995.22531,0.1073
3372,993.29658,0.10362
3373,991.36785,0.09998
3374,989.43912,0.09647
3375,987.51038,0.09316
3376,985.58165,0.09013
3377,983.65292,0.08729
3378,981.72419,0.08445
3379,979.79546,0.08201
3380,977.86673,0.07996
3381,975.938,0.07836
3382,974.00927,0.0768
3383,972.08053,0.07502
3384,970.1518,0.07329
3385,968.22307,0.07182
3386,966.29434,0.07054
3387,964.36561,0.06935
3388,962.43688,0.06805
3389,960.50815,0.06659
3390,958.57942,0.06518
3391,956.65068,0.06386
3392,954.72195,0.06236
3393,952.79322,0.06063
3394,950.86449,0.05885
3395,948.93576,0.057
3396,947.00703,0.0551
3397,945.0783,0.05328
3398,943.14957,0.05153
3399,941.22084,0.04961
3400,939.2921,0.04737
3401,937.36337,0.04498
3402,935.43464,0.04257
3403,933.50591,0.04016
3404,931.57718,0.03779
3405,929.64845,0.0355
3406,927.71972,0.03324
3407,925.79099,0.03093
3408,923.86225,0.02841
3409,921.93352,0.0257
3410,920.00479,0.02301
3411,918.07606,0.02045
3412,916.14733,0.01801
3413,914.2186,0.01559
3414,912.28987,0.01306
3415,910.36114,0.01036
3416,908.4324,0.00758
3417,906.50367,0.00502
3418,904.57494,0.00275
3419,902.64621,0.00045
3420,900.71748,-0.00204
3421,898.78875,-0.00452
3422,896.86002,-0.00667
3423,894.93129,-0.00872
3424,893.00255,-0.01102
3425,891.07382,-0.01341
3426,889.14509,-0.01549
3427,887.21636,-0.01731
3428,885.28763,-0.01922
3429,883.3589,-0.02111
3430,881.43017,-0.02277
3431,879.50144,-0.0244
3432,877.5727,-0.02602
3433,875.64397,-0.02746
3434,873.71524,-0.02877
3435,871.78651,-0.02999
3436,869.85778,-0.03104
3437,867.92905,-0.03205
3438,866.00032,-0.03312
3439,864.07159,-0.03416
3440,862.14286,-0.03501
3441,860.21412,-0.03553
3442,858.28539,-0.03582
3443,856.35666,-0.03611
3444,854.42793,-0.03631
3445,852.4992,-0.03622
3446,850.57047,-0.03595
3447,848.64174,-0.03546
3448,846.71301,-0.03454
3449,844.78427,-0.03321
3450,842.85554,-0.03157
3451,840.92681,-0.02961
3452,838.99808,-0.02717
3453,837.06935,-0.02427
3454,835.14062,-0.02135
3455,833.21189,-0.01853
3456,831.28316,-0.01555
3457,829.35442,-0.01228
3458,827.42569,-0.00899
3459,825.49696,-0.00601
3460,823.56823,-0.00336
3461,821.6395,-0.00083
3462,819.71077,0.00187
3463,817.78204,0.00478
3464,815.85331,0.00756
3465,813.92457,0.00994
3466,811.99584,0.0121
3467,810.06711,0.01425
3468,808.13838,0.01639
3469,806.20965,0.01857
3470,804.28092,0.02069
3471,802.35219,0.02262
3472,800.42346,0.02439
3473,798.49472,0.02571
3474,796.56599,0.02631
3475,794.63726,0.02656
3476,792.70853,0.02701
3477,790.7798,0.02747
3478,788.85107,0.02723
3479,786.92234,0.02609
3480,784.99361,0.02441
3481,783.06488,0.02227
3482,781.13614,0.01955
3483,779.20741,0.01654
3484,777.27868,0.01361
3485,775.34995,0.01065
3486,773.42122,0.00753
3487,771.49249,0.00476
3488,769.56376,0.00298
3489,767.63503,0.00202
3490,765.70629,0.00153
3491,763.77756,0.0018
3492,761.84883,0.00165
3493,759.9201,0.00123
3494,757.99137,0.00066
3495,756.06264,0.00013
3496,754.13391,-0.00034
3497,752.20518,-0.00067
3498,750.27644,-0.00059
3499,748.34771,-0.00023
3500,746.41898,1e-05
3501,744.49025,0.00022
3502,742.56152,0.00062
3503,740.63279,0.00086
3504,738.70406,0.0008
3505,736.77533,0.00078
3506,734.84659,0.00108
3507,732.91786,0.00157
3508,730.98913,0.0021
3509,729.0604,0.00272
3510,727.13167,0.00346
3511,725.20294,0.00407
3512,723.27421,0.00397
3513,721.34548,0.00369
3514,719.41674,0.00337
3515,717.48801,0.00292
3516,715.55928,0.0022
3517,713.63055,0.00152
3518,711.70182,0.00126
3519,709.77309,0.00115
3520,707.84436,0.00092
3521,705.91563,0.00091
3522,703.9869,0.00124
3523,702.05816,0.00161
3524,700.12943,0.00177
3525,698.2007,0.00183
3526,696.27197,0.00191
3527,694.34324,0.00169
3528,692.41451,0.00094
3529,690.48578,0.00027
3530,688.55705,0.00029
3531,686.62831,0.00065
3532,684.69958,0.00091
3533,682.77085,0.00111
3534,680.84212,0.0011
3535,678.91339,0.00046
3536,676.98466,-2e-05
3537,675.05593,-0.0001
3538,673.1272,3e-05
3539,671.19846,-0.00044
3540,669.26973,-0.0016
3541,667.341,-0.00164
3542,665.41227,-0.00077
3543,663.48354,-0.00091
3544,661.55481,-0.00146
3545,659.62608,-0.00111
3546,657.69735,-2e-05
3547,655.76861,0.0011
3548,653.83988,0.00206
3549,651.91115,0.00292
3550,649.98242,0.00371
3551,648.05369,0.00452
3552,646.12496,0.00534
3553,644.19623,0.00591
3554,642.2675,0.00597
3555,640.33876,0.00552
3556,638.41003,0.00468
3557,636.4813,0.0036
3558,634.55257,0.00245
3559,632.62384,0.00136
3560,630.69511,0.0004
3561,628.76638,-0.00036
3562,626.83765,-0.00068
3563,624.90892,-0.001
3564,622.98018,-0.00121
3565,621.05145,-0.00083
3566,619.12272,3e-05
3567,617.19399,0.00121
3568,615.26526,0.00293
3569,613.33653,0.00474
3570,611.4078,0.00594
3571,609.47907,0.00695
3572,607.55033,0.0083
3573,605.6216,0.00923
3574,603.69287,0.00923
3575,601.76414,0.00904
3576,599.83541,0.00938
3577,597.90668,0.01004
3578,595.97795,0.01056
3579,594.04922,0.0108
3580,592.12048,0.01096
3581,590.19175,0.01095
3582,588.26302,0.01054
3583,586.33429,0.00973
3584,584.40556,0.00854
3585,582.47683,0.00716
3586,580.5481,0.00592
3587,578.61937,0.00484
3588,576.69063,0.00393
3589,574.7619,0.00329
3590,572.83317,0.00249
3591,570.90444,0.00097
3592,568.97571,-0.00226
3593,567.04698,-0.00525
3594,565.11825,-0.00802
3595,563.18952,-0.01058
3596,561.26078,-0.01282
3597,559.33205,-0.01547
3598,557.40332,-0.01847
3599,555.47459,-0.02065
3600,553.54586,-0.02199
3601,551.61713,-0.02346
3602,549.6884,-0.02491
3603,547.75967,-0.02556
3604,545.83094,-0.02573
3605,543.9022,-0.02661
3606,541.97347,-0.02834
3607,540.04474,-0.02962
3608,538.11601,-0.0304
3609,536.18728,-0.03223
3610,534.25855,-0.03545
3611,532.32982,-0.03899
3612,530.40109,-0.04213
3613,528.47235,-0.04503
3614,526.54362,-0.0482
3615,524.61489,-0.05137
3616,522.68616,-0.05422
3617,520.75743,-0.05662
3618,518.8287,-0.0584
3619,516.89997,-0.05961
3620,514.97124,-0.06079
3621,513.0425,-0.06231
3622,511.11377,-0.06321
3623,509.18504,-0.06267
3624,507.25631,-0.06125
3625,505.32758,-0.05958
3626,503.39885,-0.058
3627,501.47012,-0.05652
3628,499.54139,-0.05525
3629,497.61265,-0.05355
3630,495.68392,-0.05026
3631,493.75519,-0.04579
3632,491.82646,-0.04138
3633,489.89773,-0.03788
3634,487.969,-0.03543
3635,486.04027,-0.03314
3636,484.11154,-0.02943
3637,482.1828,-0.0241
3638,480.25407,-0.01877
3639,478.32534,-0.01422
3640,476.39661,-0.0105
3641,474.46788,-0.00723
3642,472.53915,-0.00271
3643,470.61042,0.00282
3644,468.68169,0.0062
3645,466.75296,0.00602
3646,464.82422,0.00435
3647,462.89549,0.00419
3648,460.96676,0.00486
3649,459.03803,0.00445
3650,457.1093,0.00216
3651,455.18057,0.00136
3652,453.25184,0.00215
3653,451.32311,0.00392
3654,449.39437,0.00614
3655,447.46564,0.00729
3656,445.53691,0.00663
3657,443.60818,0.00462
3658,441.67945,0.00265
3659,439.75072,0.00195
3660,437.82199,0.00265
3661,435.89326,0.00503
3662,433.96452,0.009
3663,432.03579,0.01269
3664,430.10706,0.01432
3665,428.17833,0.01342
3666,426.2496,0.00988
3667,424.32087,0.00537
3668,422.39214,0.00464
3669,420.46341,0.00893
3670,418.53467,0.01233
3671,416.60594,0.01129
3672,414.67721,0.01025
3673,412.74848,0.01194
3674,410.81975,0.01393
3675,408.89102,0.01358
3676,406.96229,0.01111
3677,405.03356,0.0079
3678,403.10482,0.00348
3679,401.17609,-0.00098
3680,399.24736,-0.00118
3681,397.31863,0.0034
3682,395.3899,0.00838
3683,393.46117,0.01207
3684,391.53244,0.01581
3685,389.60371,0.01751
3686,387.67498,0.01237
3687,385.74624,0.00432
3688,383.81751,0.00393
3689,381.88878,0.01031
3690,379.96005,0.02006
3691,378.03132,0.0373
3692,376.10259,0.05217
3693,374.17386,0.0476
3694,372.24513,0.03098
3695,370.31639,0.01512
3696,368.38766,0.00029
